IntakeType,IntakeSubtype,Number of Animals,YEAR,MONTH,ObjectId
CONFISCATE,NEGLECT,10,2005,10,1
CONFISCATE,NEGLECT,14,2007,1,2
STRAY,FIELD,1,2002,2,3
CONFISCATE,POLICE,1,2005,10,4
EUTH REQ,FIELD OWN,4,2007,1,5
EUTH REQ,OTC OWNED,47,2007,1,6
EUTH REQ,FIELD OWN,5,2005,10,7
OWNER SUR,OTC,1,2003,7,8
OUTSURGERY,,31,2007,1,9
EUTH REQ,OTC OWNED,31,2005,10,10
CONFISCATE,CRUELTY,1,2004,11,11
OWNER SUR,FIELD,33,2007,1,12
KHS,STRAY,78,2005,10,13
CONFISCATE,CRUELTY,1,2004,12,14
OWNER SUR,OTC,224,2007,1,15
OWNER SUR,FIELD,24,2005,10,16
STRAY,OTC,1,2004,12,17
QUARANTINE,MAS,2,2007,1,18
OWNER SUR,OTC,107,2005,10,19
CONFISCATE,CRUELTY,2,2005,1,20
QUARANTINE,OWNER,4,2007,1,21
RETURN,OTC,1,2005,10,22
STRAY,OTC,1,2005,1,23
QUARANTINE,STRAY,5,2007,1,24
STRAY,FIELD,308,2005,10,25
CONFISCATE,CRUELTY,2,2005,2,26
STRAY,FIELD,302,2007,1,27
STRAY,OTC,311,2005,10,28
CONFISCATE,HOSPITAL,1,2005,2,29
STRAY,OTC,311,2007,1,30
CONFISCATE,ABANDONED,1,2005,11,31
OWNER SUR,OTC,1,2005,2,32
CONFISCATE,ABANDONED,1,2007,2,33
CONFISCATE,BITE,2,2005,11,34
STRAY,FIELD,1,2005,2,35
CONFISCATE,DANGER DOG,1,2007,2,36
CONFISCATE,CRUELTY,15,2005,11,37
STRAY,OTC,10,2005,2,38
CONFISCATE,NEGLECT,8,2007,2,39
CONFISCATE,HOSPITAL,1,2005,11,40
CONFISCATE,BITE,6,2005,3,41
CONFISCATE,POTDANGER,1,2007,2,42
CONFISCATE,NEGLECT,21,2005,11,43
CONFISCATE,CRUELTY,21,2005,3,44
EUTH REQ,FIELD OWN,7,2007,2,45
CONFISCATE,POLICE,1,2005,11,46
EUTH REQ,FIELD OWN,2,2005,3,47
EUTH REQ,OTC OWNED,56,2007,2,48
EUTH REQ,FIELD OWN,1,2005,11,49
EUTH REQ,OTC OWNED,2,2005,3,50
OUTSURGERY,,54,2007,2,51
EUTH REQ,OTC OWNED,12,2005,11,52
OWNER SUR,FIELD,15,2005,3,53
OWNER SUR,FIELD,28,2007,2,54
KHS,,1,2005,11,55
OWNER SUR,OTC,54,2005,3,56
OWNER SUR,OTC,155,2007,2,57
KHS,STRAY,37,2005,11,58
RETURN,OTC,3,2005,3,59
QUARANTINE,MAS,2,2007,2,60
OWNER SUR,FIELD,32,2005,11,61
STRAY,,4,2005,3,62
QUARANTINE,OWNER,2,2007,2,63
OWNER SUR,OTC,128,2005,11,64
STRAY,FIELD,171,2005,3,65
STRAY,FIELD,285,2007,2,66
STRAY,FIELD,291,2005,11,67
STRAY,NIGHT,1,2005,3,68
STRAY,OTC,284,2007,2,69
STRAY,OTC,331,2005,11,70
STRAY,OTC,193,2005,3,71
CONFISCATE,BITE,1,2007,3,72
TRANSFER,AN CONTROL,1,2005,11,73
CONFISCATE,,1,2005,4,74
CONFISCATE,CRUELTY,1,2007,3,75
CONFISCATE,BITE,2,2005,12,76
CONFISCATE,BITE,2,2005,4,77
CONFISCATE,DANGER DOG,4,2007,3,78
CONFISCATE,CRUELTY,6,2005,12,79
CONFISCATE,CRUELTY,6,2005,4,80
CONFISCATE,NEGLECT,28,2007,3,81
CONFISCATE,NEGLECT,26,2005,12,82
CONFISCATE,POLICE,1,2005,4,83
CONFISCATE,POTDANGER,9,2007,3,84
EUTH REQ,FIELD OWN,2,2005,12,85
EUTH REQ,FIELD OWN,2,2005,4,86
CONFISCATE,BITE,1,2006,6,87
EUTH REQ,FIELD OWN,7,2007,3,88
EUTH REQ,OTC OWNED,9,2005,12,89
EUTH REQ,OTC OWNED,26,2005,4,90
EUTH REQ,OTC OWNED,43,2007,3,91
CONFISCATE,NEGLECT,40,2006,6,92
KHS,,1,2005,12,93
OWNER SUR,FIELD,33,2005,4,94
OUTSURGERY,,70,2007,3,95
EUTH REQ,FIELD OWN,8,2006,6,96
KHS,STRAY,13,2005,12,97
OWNER SUR,OTC,78,2005,4,98
OWNER SUR,FIELD,39,2007,3,99
EUTH REQ,OTC OWNED,69,2006,6,100
OWNER SUR,FIELD,25,2005,12,101
RETURN,OTC,1,2005,4,102
OWNER SUR,OTC,156,2007,3,103
KHS,OWNER SUR,3,2006,6,104
OWNER SUR,OTC,174,2005,12,105
QUARANTINE,MAS,6,2007,3,106
STRAY,,1,2005,4,107
KHS,STRAY,39,2006,6,108
STRAY,,1,2005,12,109
QUARANTINE,OWNER,4,2007,3,110
STRAY,FIELD,237,2005,4,111
OWNER SUR,FIELD,50,2006,6,112
STRAY,FIELD,291,2005,12,113
STRAY,OTC,286,2005,4,114
QUARANTINE,STRAY,4,2007,3,115
OWNER SUR,OTC,258,2006,6,116
STRAY,OTC,312,2005,12,117
CONFISCATE,ABANDONED,14,2006,1,118
CONFISCATE,BITE,1,2006,1,119
CONFISCATE,NEGLECT,11,2006,1,120
EUTH REQ,,1,2006,1,121
EUTH REQ,FIELD OWN,2,2006,1,122
EUTH REQ,OTC OWNED,8,2006,1,123
KHS,OWNER SUR,1,2006,1,124
KHS,STRAY,11,2006,1,125
OWNER SUR,FIELD,43,2006,1,126
OWNER SUR,OTC,165,2006,1,127
STRAY,FIELD,340,2006,1,128
STRAY,OTC,290,2006,1,129
CONFISCATE,ABANDONED,7,2006,2,130
RETURN,FIELD,3,2006,6,131
TRANSFER,,1,2005,4,132
STRAY,FIELD,443,2006,6,133
RETURN,OTC,2,2007,3,134
CONFISCATE,,2,2005,5,135
STRAY,OTC,517,2006,6,136
STRAY,FIELD,301,2007,3,137
CONFISCATE,CRUELTY,27,2005,5,138
CONFISCATE,ABANDONED,1,2006,7,139
STRAY,OTC,392,2007,3,140
EUTH REQ,FIELD OWN,7,2005,5,141
CONFISCATE,BITE,3,2006,7,142
TRANSFER,AN CONTROL,2,2007,3,143
EUTH REQ,OTC OWNED,23,2005,5,144
CONFISCATE,CRUELTY,1,2006,7,145
CONFISCATE,BITE,2,2007,4,146
KHS,STRAY,1,2005,5,147
CONFISCATE,NEGLECT,15,2006,7,148
CONFISCATE,CRUELTY,4,2007,4,149
OWNER SUR,FIELD,25,2005,5,150
EUTH REQ,FIELD OWN,3,2006,7,151
CONFISCATE,NEGLECT,22,2007,4,152
OWNER SUR,OTC,103,2005,5,153
EUTH REQ,OTC OWNED,34,2006,7,154
CONFISCATE,POLICE,1,2007,4,155
STRAY,,1,2005,5,156
KHS,OWNER SUR,2,2006,7,157
CONFISCATE,POTDANGER,3,2007,4,158
STRAY,FIELD,271,2005,5,159
KHS,STRAY,63,2006,7,160
EUTH REQ,,1,2007,4,161
STRAY,OTC,339,2005,5,162
OUTSURGERY,,3,2006,7,163
EUTH REQ,FIELD OWN,15,2007,4,164
TRANSFER,,1,2005,5,165
OWNER SUR,FIELD,25,2006,7,166
EUTH REQ,OTC OWNED,63,2007,4,167
CONFISCATE,,5,2005,6,168
OWNER SUR,OTC,324,2006,7,169
OUTSURGERY,,103,2007,4,170
CONFISCATE,BITE,1,2005,6,171
RETURN,OTC,2,2006,7,172
CONFISCATE,CRUELTY,17,2005,6,173
STRAY,,3,2006,7,174
STRAY,FIELD,482,2006,7,175
STRAY,OTC,597,2006,7,176
CONFISCATE,BITE,6,2006,8,177
CONFISCATE,CRUELTY,2,2006,8,178
CONFISCATE,NEGLECT,47,2006,8,179
EUTH REQ,FIELD OWN,2,2006,8,180
EUTH REQ,OTC OWNED,30,2006,8,181
KHS,STRAY,45,2006,8,182
OUTSURGERY,,26,2006,8,183
OWNER SUR,FIELD,40,2006,8,184
OWNER SUR,OTC,240,2006,8,185
STRAY,FIELD,495,2006,8,186
STRAY,OTC,514,2006,8,187
CONFISCATE,BITE,5,2006,9,188
CONFISCATE,EVICTION,1,2006,9,189
CONFISCATE,NEGLECT,14,2006,9,190
CONFISCATE,POLICE,1,2006,9,191
EUTH REQ,FIELD OWN,7,2006,9,192
EUTH REQ,OTC OWNED,22,2006,9,193
KHS,STRAY,37,2006,9,194
OUTSURGERY,,16,2006,9,195
OWNER SUR,FIELD,22,2006,9,196
OWNER SUR,OTC,265,2006,9,197
RETURN,OTC,3,2006,9,198
STRAY,,1,2006,9,199
STRAY,FIELD,490,2006,9,200
EUTH REQ,FIELD OWN,3,2005,6,201
EUTH REQ,OTC OWNED,23,2005,6,202
KHS,STRAY,14,2005,6,203
OWNER SUR,FIELD,23,2005,6,204
OWNER SUR,OTC,100,2005,6,205
RETURN,OTC,1,2005,6,206
STRAY,,4,2005,6,207
STRAY,FIELD,320,2005,6,208
STRAY,OTC,356,2005,6,209
CONFISCATE,BITE,1,2005,7,210
CONFISCATE,CRUELTY,14,2005,7,211
CONFISCATE,POLICE,1,2005,7,212
EUTH REQ,FIELD OWN,6,2005,7,213
EUTH REQ,OTC OWNED,26,2005,7,214
KHS,BITE,2,2005,7,215
KHS,STRAY,84,2005,7,216
OWNER SUR,,1,2005,7,217
OWNER SUR,FIELD,42,2005,7,218
OWNER SUR,OTC,124,2005,7,219
STRAY,,1,2005,7,220
STRAY,FIELD,337,2005,7,221
STRAY,OTC,364,2005,7,222
CONFISCATE,ABANDONED,2,2005,8,223
CONFISCATE,CRUELTY,27,2005,8,224
CONFISCATE,NEGLECT,5,2005,8,225
EUTH REQ,,1,2005,8,226
EUTH REQ,FIELD OWN,5,2005,8,227
EUTH REQ,OTC OWNED,34,2005,8,228
KHS,STRAY,71,2005,8,229
OWNER SUR,,1,2005,8,230
OWNER SUR,FIELD,28,2005,8,231
OWNER SUR,OTC,105,2005,8,232
RETURN,FIELD,1,2005,8,233
STRAY,,2,2005,8,234
STRAY,FIELD,354,2005,8,235
STRAY,OTC,379,2005,8,236
CONFISCATE,ABANDONED,1,2005,9,237
CONFISCATE,CRUELTY,17,2005,9,238
CONFISCATE,NEGLECT,3,2005,9,239
EUTH REQ,FIELD OWN,6,2005,9,240
EUTH REQ,OTC OWNED,28,2005,9,241
KHS,STRAY,56,2005,9,242
OWNER SUR,FIELD,30,2005,9,243
OWNER SUR,OTC,121,2005,9,244
STRAY,,2,2005,9,245
STRAY,FIELD,301,2005,9,246
STRAY,OTC,376,2005,9,247
CONFISCATE,ABANDONED,1,2005,10,248
CONFISCATE,BITE,1,2005,10,249
CONFISCATE,CRUELTY,4,2005,10,250
OWNER SUR,FIELD,39,2007,4,251
OWNER SUR,OTC,257,2007,4,252
QUARANTINE,,1,2007,4,253
QUARANTINE,MAS,2,2007,4,254
QUARANTINE,OWNER,4,2007,4,255
QUARANTINE,STRAY,3,2007,4,256
RETURN,OTC,2,2007,4,257
STRAY,FIELD,330,2007,4,258
STRAY,OTC,302,2007,4,259
CONFISCATE,ABANDONED,1,2007,5,260
CONFISCATE,BITE,3,2007,5,261
CONFISCATE,CRUELTY,3,2007,5,262
CONFISCATE,DANGER DOG,3,2007,5,263
CONFISCATE,NEGLECT,22,2007,5,264
CONFISCATE,POLICE,4,2007,5,265
CONFISCATE,POTDANGER,3,2007,5,266
CONFISCATE,UNPERMITED,2,2007,5,267
EUTH REQ,FIELD OWN,17,2007,5,268
EUTH REQ,OTC OWNED,52,2007,5,269
INVESTIGAT,POTDANGER,1,2007,5,270
OUTSURGERY,,104,2007,5,271
OWNER SUR,FIELD,76,2007,5,272
OWNER SUR,OTC,282,2007,5,273
QUARANTINE,,1,2007,5,274
QUARANTINE,MAS,5,2007,5,275
QUARANTINE,OWNER,6,2007,5,276
QUARANTINE,STRAY,7,2007,5,277
RETURN,FIELD,1,2007,5,278
RETURN,OTC,6,2007,5,279
STRAY,,1,2007,5,280
STRAY,FIELD,438,2007,5,281
STRAY,OTC,337,2007,5,282
TRANSFER,AN CONTROL,1,2007,5,283
CONFISCATE,,1,2007,6,284
CONFISCATE,ABANDONED,3,2007,6,285
CONFISCATE,DANGER DOG,2,2007,6,286
CONFISCATE,NEGLECT,23,2007,6,287
CONFISCATE,POLICE,2,2007,6,288
CONFISCATE,POTDANGER,8,2007,6,289
CONFISCATE,UNPERMITED,3,2007,6,290
EUTH REQ,FIELD OWN,8,2007,6,291
EUTH REQ,OTC OWNED,102,2007,6,292
INVESTIGAT,POTDANGER,2,2007,6,293
OUTSURGERY,,111,2007,6,294
OUTSURGERY, ,3,2007,6,295
OWNER SUR,FIELD,35,2007,6,296
OWNER SUR,OTC,361,2007,6,297
QUARANTINE,,1,2007,6,298
QUARANTINE,MAS,9,2007,6,299
QUARANTINE,OWNER,6,2007,6,300
STRAY,OTC,516,2006,9,301
CONFISCATE,ABANDONED,2,2006,10,302
CONFISCATE,BITE,1,2006,10,303
CONFISCATE,CRUELTY,1,2006,10,304
CONFISCATE,DANGER DOG,1,2006,10,305
CONFISCATE,EVICTION,1,2006,10,306
CONFISCATE,NEGLECT,17,2006,10,307
CONFISCATE,POLICE,4,2006,10,308
EUTH REQ,FIELD OWN,5,2006,10,309
EUTH REQ,OTC OWNED,20,2006,10,310
KHS,STRAY,18,2006,10,311
OUTSURGERY,,33,2006,10,312
OWNER SUR,FIELD,48,2006,10,313
OWNER SUR,OTC,230,2006,10,314
RETURN,OTC,1,2006,10,315
STRAY,FIELD,410,2006,10,316
STRAY,OTC,485,2006,10,317
CONFISCATE,ABANDONED,2,2006,11,318
CONFISCATE,BITE,1,2006,11,319
CONFISCATE,DANGER DOG,2,2006,11,320
CONFISCATE,NEGLECT,13,2006,11,321
EUTH REQ,FIELD OWN,7,2006,11,322
EUTH REQ,OTC OWNED,39,2006,11,323
OUTSURGERY,,38,2006,11,324
OWNER SUR,,1,2006,11,325
OWNER SUR,FIELD,22,2006,11,326
OWNER SUR,OTC,184,2006,11,327
RETURN,FIELD,1,2006,11,328
RETURN,OTC,3,2006,11,329
STRAY,FIELD,376,2006,11,330
STRAY,OTC,333,2006,11,331
CONFISCATE,ABANDONED,1,2006,12,332
CONFISCATE,DANGER DOG,1,2006,12,333
CONFISCATE,NEGLECT,17,2006,12,334
CONFISCATE,OWNER DIED,5,2006,12,335
EUTH REQ,FIELD OWN,2,2006,12,336
EUTH REQ,OTC OWNED,33,2006,12,337
KHS,STRAY,4,2006,12,338
OUTSURGERY,,35,2006,12,339
OWNER SUR,FIELD,41,2006,12,340
OWNER SUR,OTC,217,2006,12,341
QUARANTINE,MAS,1,2006,12,342
QUARANTINE,OWNER,2,2006,12,343
QUARANTINE,STRAY,1,2006,12,344
RETURN,OTC,1,2006,12,345
STRAY,,1,2006,12,346
STRAY,FIELD,286,2006,12,347
STRAY,OTC,328,2006,12,348
CONFISCATE,CRUELTY,1,2007,1,349
CONFISCATE,DANGER DOG,1,2007,1,350
CONFISCATE,BITE,2,2006,2,351
CONFISCATE,CRUELTY,1,2006,2,352
CONFISCATE,NEGLECT,13,2006,2,353
EUTH REQ,FIELD OWN,1,2006,2,354
EUTH REQ,OTC OWNED,16,2006,2,355
KHS,STRAY,6,2006,2,356
OWNER SUR,FIELD,32,2006,2,357
OWNER SUR,OTC,110,2006,2,358
RETURN,OTC,2,2006,2,359
STRAY,FIELD,299,2006,2,360
STRAY,OTC,225,2006,2,361
CONFISCATE,ABANDONED,5,2006,3,362
CONFISCATE,BITE,1,2006,3,363
CONFISCATE,NEGLECT,30,2006,3,364
EUTH REQ,FIELD OWN,4,2006,3,365
EUTH REQ,OTC OWNED,19,2006,3,366
OWNER SUR,FIELD,45,2006,3,367
OWNER SUR,OTC,178,2006,3,368
RETURN,FIELD,3,2006,3,369
STRAY,FIELD,332,2006,3,370
STRAY,OTC,270,2006,3,371
CONFISCATE,ABANDONED,2,2006,4,372
CONFISCATE,BITE,10,2006,4,373
CONFISCATE,CRUELTY,5,2006,4,374
CONFISCATE,NEGLECT,22,2006,4,375
EUTH REQ,OTC OWNED,19,2006,4,376
KHS,BITE,2,2006,4,377
KHS,STRAY,4,2006,4,378
OWNER SUR,FIELD,62,2006,4,379
OWNER SUR,OTC,218,2006,4,380
RETURN,OTC,1,2006,4,381
STRAY,,1,2006,4,382
STRAY,FIELD,346,2006,4,383
STRAY,OTC,331,2006,4,384
TRANSFER,AN CONTROL,5,2006,4,385
CONFISCATE,ABANDONED,3,2006,5,386
CONFISCATE,BITE,2,2006,5,387
CONFISCATE,CRUELTY,7,2006,5,388
CONFISCATE,EVICTION,1,2006,5,389
CONFISCATE,NEGLECT,11,2006,5,390
CONFISCATE,POLICE,4,2006,5,391
EUTH REQ,FIELD OWN,5,2006,5,392
EUTH REQ,OTC OWNED,36,2006,5,393
KHS,STRAY,14,2006,5,394
OWNER SUR,FIELD,31,2006,5,395
OWNER SUR,OTC,270,2006,5,396
STRAY,,1,2006,5,397
STRAY,FIELD,484,2006,5,398
STRAY,OTC,451,2006,5,399
CONFISCATE,ABANDONED,2,2006,6,400
OWNER SUR,,4,2007,11,401
OWNER SUR,FIELD,84,2007,11,402
OWNER SUR,OTC,250,2007,11,403
QUARANTINE,MAS,5,2007,11,404
QUARANTINE,OWNER,1,2007,11,405
QUARANTINE,STRAY,7,2007,11,406
RETURN,OTC,8,2007,11,407
STRAY,,1,2007,11,408
STRAY,FIELD,383,2007,11,409
STRAY,OTC,260,2007,11,410
CONFISCATE,ABANDONED,4,2007,12,411
CONFISCATE,NEGLECT,27,2007,12,412
CONFISCATE,POTDANGER,1,2007,12,413
CONFISCATE,UNPERMITED,8,2007,12,414
EUTH REQ,FIELD OWN,4,2007,12,415
EUTH REQ,OTC OWNED,53,2007,12,416
INVESTIGAT,POTDANGER,2,2007,12,417
OUTSURGERY,,53,2007,12,418
OUTSURGERY, ,1,2007,12,419
OWNER SUR,FIELD,31,2007,12,420
OWNER SUR,OTC,227,2007,12,421
QUARANTINE,MAS,8,2007,12,422
QUARANTINE,OWNER,1,2007,12,423
QUARANTINE,STRAY,3,2007,12,424
RETURN,FIELD,5,2007,12,425
RETURN,OTC,14,2007,12,426
STRAY,FIELD,313,2007,12,427
STRAY,OTC,205,2007,12,428
TRANSFER,AN CONTROL,2,2007,12,429
CONFISCATE,,4,2008,1,430
CONFISCATE,BITE,1,2008,1,431
CONFISCATE,DANGER DOG,2,2008,1,432
CONFISCATE,NEGLECT,28,2008,1,433
CONFISCATE,POTDANGER,1,2008,1,434
CONFISCATE,UNPERMITED,2,2008,1,435
EUTH REQ,FIELD OWN,6,2008,1,436
EUTH REQ,OTC OWNED,34,2008,1,437
INVESTIGAT,,2,2008,1,438
INVESTIGAT,POTDANGER,1,2008,1,439
OUTSURGERY,,65,2008,1,440
OWNER SUR,FIELD,54,2008,1,441
OWNER SUR,OTC,154,2008,1,442
QUARANTINE,MAS,1,2008,1,443
QUARANTINE,OWNER,3,2008,1,444
QUARANTINE,STRAY,7,2008,1,445
RETURN,,1,2008,1,446
RETURN,FIELD,3,2008,1,447
RETURN,OTC,14,2008,1,448
STRAY,FIELD,324,2008,1,449
STRAY,OTC,204,2008,1,450
CONFISCATE,ABANDONED,3,2008,2,451
CONFISCATE,CRUELTY,1,2008,2,452
EUTH REQ,OTC OWNED,43,2008,4,453
CONFISCATE,NEGLECT,26,2008,2,454
CONFISCATE,POLICE,4,2008,2,455
CONFISCATE,POTDANGER,3,2008,2,456
CONFISCATE,UNPERMITED,1,2008,2,457
EUTH REQ,FIELD OWN,4,2008,2,458
EUTH REQ,OTC OWNED,35,2008,2,459
OUTSURGERY,,72,2008,2,460
OUTSURGERY, ,1,2008,2,461
OWNER SUR,,2,2008,2,462
OWNER SUR,FIELD,49,2008,2,463
OWNER SUR,OTC,224,2008,2,464
QUARANTINE,MAS,4,2008,2,465
QUARANTINE,OWNER,2,2008,2,466
QUARANTINE,STRAY,4,2008,2,467
RETURN,FIELD,2,2008,2,468
RETURN,OTC,19,2008,2,469
STRAY,,1,2008,2,470
STRAY,FIELD,299,2008,2,471
STRAY,OTC,193,2008,2,472
CONFISCATE,ABANDONED,1,2008,3,473
CONFISCATE,NEGLECT,13,2008,3,474
CONFISCATE,POLICE,1,2008,3,475
CONFISCATE,POTDANGER,1,2008,3,476
CONFISCATE,UNPERMITED,4,2008,3,477
EUTH REQ,FIELD OWN,3,2008,3,478
EUTH REQ,OTC OWNED,54,2008,3,479
INVESTIGAT,POTDANGER,2,2008,3,480
OUTSURGERY,,84,2008,3,481
OWNER SUR,FIELD,35,2008,3,482
OWNER SUR,OTC,218,2008,3,483
QUARANTINE,MAS,7,2008,3,484
QUARANTINE,OWNER,1,2008,3,485
QUARANTINE,STRAY,2,2008,3,486
RETURN,,2,2008,3,487
RETURN,FIELD,2,2008,3,488
RETURN,OTC,21,2008,3,489
STRAY,FIELD,332,2008,3,490
STRAY,OTC,200,2008,3,491
TRANSFER,AN CONTROL,1,2008,3,492
CONFISCATE,ABANDONED,4,2008,4,493
CONFISCATE,DANGER DOG,1,2008,4,494
CONFISCATE,EVICTION,2,2008,4,495
CONFISCATE,NEGLECT,19,2008,4,496
CONFISCATE,POLICE,2,2008,4,497
CONFISCATE,POTDANGER,3,2008,4,498
CONFISCATE,UNPERMITED,2,2008,4,499
EUTH REQ,,2,2008,4,500
EUTH REQ,FIELD OWN,6,2008,4,501
CONFISCATE,NEGLECT,133,2007,9,502
CONFISCATE,UNPERMITED,45,2008,8,503
OWNER SUR,FIELD,50,2008,10,504
EUTH REQ,,3,2008,8,505
INVESTIGAT,POTDANGER,4,2008,4,506
OWNER SUR,OTC,272,2008,10,507
EUTH REQ,FIELD OWN,5,2008,8,508
CONFISCATE,POLICE,3,2007,9,509
MED OBSERV,,2,2008,4,510
QUARANTINE,MAS,8,2008,10,511
EUTH REQ,OTC,9,2008,8,512
CONFISCATE,POTDANGER,1,2007,9,513
OUTSURGERY,,75,2008,4,514
QUARANTINE,STRAY,1,2008,10,515
EUTH REQ,OTC OWNED,59,2008,8,516
CONFISCATE,UNPERMITED,40,2007,9,517
OWNER SUR,FIELD,41,2008,4,518
RETURN,OTC,22,2008,10,519
INVESTIGAT,POTDANGER,1,2008,8,520
EUTH REQ,FIELD OWN,6,2007,9,521
OWNER SUR,OTC,207,2008,4,522
STRAY,FIELD,443,2008,10,523
KHS,,6,2008,8,524
EUTH REQ,OTC OWNED,45,2007,9,525
QUARANTINE,,1,2008,4,526
STRAY,OTC,430,2008,10,527
OUTSURGERY,,64,2008,8,528
INVESTIGAT,POTDANGER,1,2007,9,529
QUARANTINE,MAS,13,2008,4,530
CONFISCATE,,1,2008,11,531
OUTSURGERY,OTC,1,2008,8,532
OUTSURGERY,,67,2007,9,533
QUARANTINE,OWNER,3,2008,4,534
CONFISCATE,ABANDONED,5,2008,11,535
OWNER SUR,,2,2008,8,536
OWNER SUR,FIELD,44,2007,9,537
QUARANTINE,STRAY,6,2008,4,538
CONFISCATE,CHAINING,14,2008,11,539
OWNER SUR,FIELD,103,2008,8,540
OWNER SUR,OTC,319,2007,9,541
RETURN,,1,2008,4,542
CONFISCATE,CRUELTY,6,2008,11,543
OWNER SUR,OTC,355,2008,8,544
QUARANTINE,,1,2007,9,545
RETURN,OTC,14,2008,4,546
CONFISCATE,NEGLECT,33,2008,11,547
QUARANTINE,MAS,8,2008,8,548
QUARANTINE,MAS,7,2007,9,549
STRAY,,1,2008,4,550
CONFISCATE,UNPERMITED,66,2008,11,551
QUARANTINE,OWNER,1,2008,8,552
QUARANTINE,OWNER,2,2007,9,553
STRAY,FIELD,438,2008,4,554
EUTH REQ,FIELD OWN,7,2008,11,555
QUARANTINE,STRAY,4,2008,8,556
QUARANTINE,STRAY,8,2007,9,557
STRAY,OTC,306,2008,4,558
EUTH REQ,OTC OWNED,46,2008,11,559
RETURN,,1,2008,8,560
RETURN,FIELD,4,2007,9,561
CONFISCATE,ABANDONED,1,2008,5,562
OUTSURGERY,,88,2008,11,563
RETURN,OTC,18,2008,8,564
RETURN,OTC,2,2007,9,565
CONFISCATE,BITE,1,2008,5,566
OWNER SUR,EUTH REQ,1,2008,11,567
OWNER SUR,FIELD,32,2008,11,568
OWNER SUR,OTC,283,2008,11,569
QUARANTINE,MAS,9,2008,11,570
QUARANTINE,OWNER,2,2008,11,571
QUARANTINE,STRAY,3,2008,11,572
RETURN,FIELD,1,2008,11,573
RETURN,OTC,13,2008,11,574
STRAY,FIELD,345,2008,11,575
STRAY,OTC,373,2008,11,576
CONFISCATE,ABANDONED,5,2008,12,577
CONFISCATE,CHAINING,15,2008,12,578
CONFISCATE,DANGER DOG,1,2008,12,579
CONFISCATE,NEGLECT,16,2008,12,580
CONFISCATE,POLICE,3,2008,12,581
CONFISCATE,UNPERMITED,59,2008,12,582
EUTH REQ,FIELD OWN,2,2008,12,583
EUTH REQ,OTC OWNED,41,2008,12,584
OUTSURGERY,,103,2008,12,585
OWNER SUR,FIELD,42,2008,12,586
OWNER SUR,OTC,202,2008,12,587
QUARANTINE,MAS,5,2008,12,588
QUARANTINE,OWNER,1,2008,12,589
QUARANTINE,STRAY,3,2008,12,590
RETURN,OTC,12,2008,12,591
STRAY,FIELD,316,2008,12,592
STRAY,OTC,230,2008,12,593
CONFISCATE,,5,2009,1,594
CONFISCATE,ABANDONED,6,2009,1,595
CONFISCATE,CHAINING,24,2009,1,596
CONFISCATE,NEGLECT,23,2009,1,597
CONFISCATE,UNPERMITED,24,2009,1,598
EUTH REQ,FIELD OWN,4,2009,1,599
EUTH REQ,OTC OWNED,41,2009,1,600
CONFISCATE,CRUELTY,2,2008,5,601
CONFISCATE,NEGLECT,21,2008,5,602
CONFISCATE,POTDANGER,3,2008,5,603
STRAY,,1,2007,9,604
CONFISCATE,UNPERMITED,4,2008,5,605
STRAY,FIELD,383,2007,9,606
STRAY,,1,2008,8,607
EUTH REQ,FIELD OWN,3,2008,5,608
STRAY,OTC,321,2007,9,609
STRAY,FIELD,487,2008,8,610
EUTH REQ,OTC OWNED,52,2008,5,611
CONFISCATE,,1,2007,10,612
STRAY,OTC,459,2008,8,613
INVESTIGAT,POTDANGER,2,2008,5,614
CONFISCATE,ABANDONED,9,2007,10,615
STRAY,STRAY,4,2008,8,616
OUTSURGERY,,79,2008,5,617
CONFISCATE,NEGLECT,13,2007,10,618
CONFISCATE,BITE,2,2008,9,619
OWNER SUR,FIELD,73,2008,5,620
CONFISCATE,POTDANGER,4,2007,10,621
CONFISCATE,CHAINING,12,2008,9,622
OWNER SUR,OTC,270,2008,5,623
CONFISCATE,UNPERMITED,20,2007,10,624
CONFISCATE,DANGER DOG,1,2008,9,625
QUARANTINE,MAS,15,2008,5,626
EUTH REQ,,10,2007,10,627
CONFISCATE,NEGLECT,12,2008,9,628
QUARANTINE,OWNER,10,2008,5,629
EUTH REQ,FIELD OWN,3,2007,10,630
CONFISCATE,POTDANGER,1,2008,9,631
QUARANTINE,STRAY,6,2008,5,632
EUTH REQ,OTC OWNED,67,2007,10,633
CONFISCATE,UNPERMITED,8,2008,9,634
RETURN,,1,2008,5,635
OUTSURGERY,,39,2007,10,636
EUTH REQ,OTC OWNED,58,2008,9,637
RETURN,FIELD,5,2008,5,638
OWNER SUR,,1,2007,10,639
OUTSURGERY,,49,2008,9,640
RETURN,OTC,9,2008,5,641
OWNER SUR,FIELD,58,2007,10,642
OWNER SUR,FIELD,110,2008,9,643
STRAY,FIELD,517,2008,5,644
OWNER SUR,OTC,232,2007,10,645
OWNER SUR,OTC,279,2008,9,646
STRAY,OTC,332,2008,5,647
QUARANTINE,MAS,3,2007,10,648
QUARANTINE,MAS,10,2008,9,649
TRANSFER,AN CONTROL,2,2008,5,650
QUARANTINE,OWNER,1,2007,10,651
QUARANTINE,STRAY,1,2008,9,652
CONFISCATE,,3,2008,6,653
QUARANTINE,STRAY,5,2007,10,654
RETURN,OTC,15,2008,9,655
CONFISCATE,ABANDONED,1,2008,6,656
RETURN,FIELD,1,2007,10,657
STRAY,FIELD,541,2008,9,658
CONFISCATE,BITE,2,2008,6,659
RETURN,OTC,4,2007,10,660
STRAY,OTC,429,2008,9,661
CONFISCATE,DANGER DOG,1,2008,6,662
STRAY,,4,2007,10,663
TRANSFER,AN CONTROL,1,2008,9,664
CONFISCATE,NEGLECT,34,2008,6,665
STRAY,FIELD,415,2007,10,666
CONFISCATE,ABANDONED,9,2008,10,667
CONFISCATE,POLICE,1,2008,6,668
STRAY,OTC,336,2007,10,669
CONFISCATE,BITE,2,2008,10,670
CONFISCATE,POTDANGER,1,2008,6,671
CONFISCATE,ABANDONED,1,2007,11,672
CONFISCATE,CHAINING,8,2008,10,673
CONFISCATE,UNPERMITED,5,2008,6,674
CONFISCATE,BITE,6,2007,11,675
CONFISCATE,CRUELTY,1,2008,10,676
EUTH REQ,FIELD OWN,11,2008,6,677
EUTH REQ,OTC OWNED,71,2008,6,678
INVESTIGAT,POTDANGER,1,2008,6,679
OUTSURGERY,,73,2008,6,680
OWNER SUR,,2,2008,6,681
OWNER SUR,FIELD,66,2008,6,682
CONFISCATE,DANGER DOG,1,2008,10,683
CONFISCATE,NEGLECT,33,2008,10,684
CONFISCATE,POTDANGER,2,2008,10,685
CONFISCATE,UNPERMITED,22,2008,10,686
EUTH REQ,,2,2008,10,687
EUTH REQ,FIELD OWN,11,2008,10,688
EUTH REQ,OTC OWNED,46,2008,10,689
INVESTIGAT,,1,2008,10,690
OUTSURGERY,,93,2008,10,691
CONFISCATE,CRUELTY,1,2007,11,692
CONFISCATE,NEGLECT,31,2007,11,693
CONFISCATE,POTDANGER,2,2007,11,694
CONFISCATE,UNPERMITED,12,2007,11,695
EUTH REQ,,2,2007,11,696
EUTH REQ,FIELD OWN,3,2007,11,697
EUTH REQ,OTC OWNED,45,2007,11,698
INVESTIGAT,DANGER DOG,1,2007,11,699
OUTSURGERY,,102,2007,11,700
OWNER SUR,OTC,302,2008,6,701
QUARANTINE,MAS,21,2008,6,702
QUARANTINE,OWNER,4,2008,6,703
QUARANTINE,STRAY,2,2008,6,704
RETURN,FIELD,6,2008,6,705
RETURN,OTC,12,2008,6,706
STRAY,,8,2008,6,707
STRAY,FIELD,521,2008,6,708
STRAY,OTC,453,2008,6,709
CONFISCATE,,2,2008,7,710
CONFISCATE,BITE,1,2008,7,711
CONFISCATE,CRUELTY,4,2008,7,712
CONFISCATE,FIELD,4,2008,7,713
CONFISCATE,NEGLECT,18,2008,7,714
CONFISCATE,POTDANGER,4,2008,7,715
CONFISCATE,UNPERMITED,20,2008,7,716
EUTH REQ,FIELD,1,2008,7,717
EUTH REQ,FIELD OWN,1,2008,7,718
EUTH REQ,MAS,1,2008,7,719
EUTH REQ,OTC,18,2008,7,720
EUTH REQ,OTC OWNED,33,2008,7,721
EUTH REQ,OWNER,1,2008,7,722
EUTH REQ,OWNER SUR,1,2008,7,723
OUTSURGERY,,65,2008,7,724
OWNER SUR,,1,2008,7,725
OWNER SUR,FIELD,59,2008,7,726
OWNER SUR,FIELD OWN,1,2008,7,727
OWNER SUR,NEGLECT,2,2008,7,728
OWNER SUR,OTC,405,2008,7,729
OWNER SUR,OWNER SUR,2,2008,7,730
OWNER SUR,STRAY,2,2008,7,731
QUARANTINE,FIELD,4,2008,7,732
QUARANTINE,MAS,18,2008,7,733
QUARANTINE,OTC,1,2008,7,734
QUARANTINE,OWNER,3,2008,7,735
QUARANTINE,STRAY,4,2008,7,736
RETURN,,2,2008,7,737
RETURN,FIELD,2,2008,7,738
RETURN,OTC,17,2008,7,739
STRAY,FIELD,456,2008,7,740
STRAY,OTC,446,2008,7,741
STRAY,STRAY,14,2008,7,742
TRANSFER,FIELD,1,2008,7,743
CONFISCATE,ABANDONED,4,2008,8,744
CONFISCATE,BITE,1,2008,8,745
CONFISCATE,CHAINING,7,2008,8,746
CONFISCATE,DANGER DOG,1,2008,8,747
CONFISCATE,FIELD,1,2008,8,748
CONFISCATE,NEGLECT,38,2008,8,749
CONFISCATE,POTDANGER,1,2008,8,750
QUARANTINE,STRAY,11,2007,6,751
RETURN,OTC,7,2007,6,752
STRAY,FIELD,436,2007,6,753
STRAY,OTC,412,2007,6,754
TRANSFER,,1,2007,6,755
TRANSFER,AN CONTROL,1,2007,6,756
CONFISCATE,,2,2007,7,757
CONFISCATE,CRUELTY,10,2007,7,758
CONFISCATE,NEGLECT,26,2007,7,759
CONFISCATE,POLICE,2,2007,7,760
CONFISCATE,POTDANGER,5,2007,7,761
CONFISCATE,UNPERMITED,2,2007,7,762
EUTH REQ,FIELD OWN,12,2007,7,763
EUTH REQ,OTC OWNED,76,2007,7,764
INVESTIGAT,,1,2007,7,765
INVESTIGAT,POTDANGER,5,2007,7,766
OUTSURGERY,,108,2007,7,767
OWNER SUR,FIELD,60,2007,7,768
OWNER SUR,OTC,308,2007,7,769
QUARANTINE,MAS,2,2007,7,770
QUARANTINE,OWNER,5,2007,7,771
QUARANTINE,STRAY,11,2007,7,772
RETURN,FIELD,3,2007,7,773
RETURN,OTC,6,2007,7,774
STRAY,,1,2007,7,775
STRAY,FIELD,481,2007,7,776
STRAY,OTC,449,2007,7,777
CONFISCATE,,1,2007,8,778
CONFISCATE,ABANDONED,1,2007,8,779
CONFISCATE,DANGER DOG,1,2007,8,780
CONFISCATE,NEGLECT,20,2007,8,781
CONFISCATE,POLICE,3,2007,8,782
CONFISCATE,UNPERMITED,12,2007,8,783
EUTH REQ,FIELD OWN,15,2007,8,784
EUTH REQ,OTC OWNED,75,2007,8,785
INVESTIGAT,POTDANGER,2,2007,8,786
OUTSURGERY,,96,2007,8,787
OWNER SUR,,2,2007,8,788
OWNER SUR,FIELD,60,2007,8,789
OWNER SUR,OTC,335,2007,8,790
QUARANTINE,MAS,6,2007,8,791
QUARANTINE,OWNER,5,2007,8,792
QUARANTINE,STRAY,6,2007,8,793
RETURN,FIELD,1,2007,8,794
RETURN,OTC,9,2007,8,795
STRAY,FIELD,457,2007,8,796
STRAY,OTC,328,2007,8,797
CONFISCATE,,5,2007,9,798
CONFISCATE,BITE,1,2007,9,799
CONFISCATE,EVICTION,2,2007,9,800
STRAY,FIELD,419,2009,10,801
STRAY,OTC,464,2009,10,802
CONFISCATE,,1,2009,11,803
CONFISCATE,BITE,1,2009,11,804
CONFISCATE,CHAINING,5,2009,11,805
CONFISCATE,CRUELTY,1,2009,11,806
CONFISCATE,NEGLECT,15,2009,11,807
CONFISCATE,POLICE,1,2009,11,808
EUTH REQ,FIELD OWN,8,2009,11,809
EUTH REQ,OTC OWNED,46,2009,11,810
OUTSURGERY,,42,2009,11,811
OWNER SUR,,1,2009,11,812
OWNER SUR,FIELD,31,2009,11,813
OWNER SUR,OTC,184,2009,11,814
QUARANTINE,MAS,8,2009,11,815
QUARANTINE,STRAY,4,2009,11,816
RETURN,FIELD,1,2009,11,817
RETURN,OTC,33,2009,11,818
STRAY,FIELD,339,2009,11,819
STRAY,OTC,313,2009,11,820
CONFISCATE,ABANDONED,1,2009,12,821
CONFISCATE,CHAINING,8,2009,12,822
CONFISCATE,NEGLECT,4,2009,12,823
CONFISCATE,POLICE,1,2009,12,824
CONFISCATE,UNPERMITED,4,2009,8,825
CONFISCATE,RESTRAINT,1,2009,12,826
EUTH REQ,FIELD OWN,3,2009,12,827
EUTH REQ,OTC OWNED,49,2009,12,828
EUTH REQ,FIELD OWN,8,2009,8,829
OUTSURGERY,,47,2009,12,830
CONFISCATE,CRUELTY,3,2010,6,831
EUTH REQ,OTC OWNED,58,2009,8,832
OUTSURGERY,NEUTER,1,2009,12,833
CONFISCATE,EVICTION,3,2010,6,834
RETURN,OTC,31,2010,3,835
OUTSURGERY,,20,2009,8,836
OWNER SUR,,2,2009,12,837
CONFISCATE,NEGLECT,124,2010,6,838
STRAY,FIELD,377,2010,3,839
OWNER SUR,FIELD,37,2009,8,840
OWNER SUR,FIELD,36,2009,12,841
CONFISCATE,POTDANGER,1,2010,6,842
STRAY,OTC,275,2010,3,843
OWNER SUR,OTC,260,2009,8,844
OWNER SUR,OTC,199,2009,12,845
CONFISCATE,RESTRAINT,3,2010,6,846
TRANSFER,AN CONTROL,1,2010,3,847
QUARANTINE,MAS,13,2009,8,848
QUARANTINE,MAS,3,2009,12,849
EUTH REQ,,1,2010,6,850
CONFISCATE,ABANDONED,1,2010,4,851
QUARANTINE,OWNER,1,2009,8,852
QUARANTINE,OWNER,1,2009,12,853
EUTH REQ,FIELD OWN,7,2010,6,854
CONFISCATE,BITE,1,2010,4,855
RETURN,FIELD,2,2009,8,856
RETURN,,1,2009,12,857
EUTH REQ,OTC OWNED,53,2010,6,858
CONFISCATE,CHAINING,4,2010,4,859
RETURN,OTC,19,2009,8,860
RETURN,FIELD,1,2009,12,861
INVESTIGAT,DANGER DOG,1,2010,6,862
CONFISCATE,CRUELTY,1,2010,4,863
STRAY,FIELD,496,2009,8,864
RETURN,FOSTER,1,2009,12,865
KHS,,1,2010,6,866
CONFISCATE,DANGER DOG,1,2010,4,867
STRAY,OTC,419,2009,8,868
RETURN,OTC,11,2009,12,869
OUTSURGERY,,47,2010,6,870
CONFISCATE,NEGLECT,10,2010,4,871
CONFISCATE,BITE,2,2009,9,872
RETURN,OTC,35,2009,3,873
STRAY,FIELD,253,2009,12,874
OUTSURGERY,NEUTER,7,2010,6,875
CONFISCATE,RESTRAINT,8,2010,4,876
CONFISCATE,CHAINING,20,2009,9,877
STRAY,OTC,267,2009,12,878
STRAY,FIELD,346,2009,3,879
OWNER SUR,,6,2010,6,880
EUTH REQ,,1,2010,4,881
CONFISCATE,CRUELTY,2,2009,9,882
CONFISCATE,,2,2010,1,883
STRAY,OTC,262,2009,3,884
OWNER SUR,FIELD,49,2010,6,885
EUTH REQ,FIELD OWN,7,2010,4,886
CONFISCATE,EVICTION,1,2009,9,887
CONFISCATE,ABANDONED,3,2010,1,888
CONFISCATE,,2,2009,4,889
OWNER SUR,OTC,239,2010,6,890
EUTH REQ,OTC OWNED,45,2010,4,891
CONFISCATE,NEGLECT,19,2009,9,892
CONFISCATE,CHAINING,3,2010,1,893
CONFISCATE,ABANDONED,3,2009,4,894
QUARANTINE,MAS,4,2010,6,895
OUTSURGERY,,53,2010,4,896
CONFISCATE,POLICE,1,2009,9,897
CONFISCATE,CRUELTY,1,2010,1,898
CONFISCATE,CHAINING,50,2009,4,899
QUARANTINE,OWNER,4,2010,6,900
OWNER SUR,,3,2010,4,901
OWNER SUR,FIELD,93,2010,4,902
OWNER SUR,OTC,163,2010,4,903
QUARANTINE,MAS,4,2010,4,904
RETURN,ADOPTION,2,2010,4,905
RETURN,OTC,18,2010,4,906
STRAY,,2,2010,4,907
STRAY,FIELD,444,2010,4,908
STRAY,OTC,330,2010,4,909
CONFISCATE,ABANDONED,5,2010,5,910
CONFISCATE,BITE,3,2010,5,911
CONFISCATE,CHAINING,5,2010,5,912
CONFISCATE,NEGLECT,28,2010,5,913
CONFISCATE,POTDANGER,2,2010,5,914
CONFISCATE,RESTRAINT,5,2010,5,915
CONFISCATE,UNPERMITED,6,2010,5,916
EUTH REQ,,3,2010,5,917
EUTH REQ,FIELD OWN,7,2010,5,918
EUTH REQ,OTC OWNED,43,2010,5,919
INVESTIGAT,POTDANGER,1,2010,5,920
OUTSURGERY,,51,2010,5,921
OWNER SUR,,7,2010,5,922
OWNER SUR,FIELD,45,2010,5,923
OWNER SUR,OTC,179,2010,5,924
QUARANTINE,MAS,4,2010,5,925
QUARANTINE,OWNER,3,2010,5,926
QUARANTINE,STRAY,2,2010,5,927
RETURN,FIELD,2,2010,5,928
RETURN,OTC,23,2010,5,929
STRAY,,44,2010,5,930
STRAY,FIELD,463,2010,5,931
STRAY,OTC,338,2010,5,932
CONFISCATE,ABANDONED,4,2010,6,933
CONFISCATE,BITE,2,2010,6,934
CONFISCATE,CHAINING,5,2010,6,935
INVESTIGAT,POTDANGER,1,2009,1,936
CONFISCATE,POTDANGER,2,2009,9,937
QUARANTINE,STRAY,1,2010,6,938
CONFISCATE,RESTRAINT,10,2009,9,939
RETURN,FIELD,1,2010,6,940
CONFISCATE,UNPERMITED,2,2009,9,941
RETURN,OTC,21,2010,6,942
EUTH REQ,FIELD OWN,7,2009,9,943
STRAY,FIELD,494,2010,6,944
EUTH REQ,OTC OWNED,42,2009,9,945
CONFISCATE,DANGER DOG,2,2009,4,946
STRAY,OTC,488,2010,6,947
OUTSURGERY,,40,2009,9,948
CONFISCATE,EVICTION,1,2009,4,949
CONFISCATE,DANGER DOG,1,2010,1,950
CONFISCATE,CHAINING,3,2010,7,951
OWNER SUR,FIELD,52,2009,9,952
CONFISCATE,NEGLECT,14,2009,4,953
CONFISCATE,NEGLECT,8,2010,1,954
CONFISCATE,CRUELTY,15,2010,7,955
OWNER SUR,OTC,285,2009,9,956
CONFISCATE,POTDANGER,3,2009,4,957
CONFISCATE,POLICE,1,2010,1,958
CONFISCATE,DANGER DOG,1,2010,7,959
QUARANTINE,MAS,9,2009,9,960
CONFISCATE,RESTRAINT,2,2009,4,961
CONFISCATE,POTDANGER,2,2010,1,962
CONFISCATE,EVICTION,5,2010,7,963
QUARANTINE,OWNER,1,2009,9,964
CONFISCATE,UNPERMITED,29,2009,4,965
CONFISCATE,RESTRAINT,1,2010,1,966
CONFISCATE,NEGLECT,18,2010,7,967
QUARANTINE,STRAY,2,2009,9,968
EUTH REQ,FIELD OWN,4,2009,4,969
EUTH REQ,,1,2010,1,970
CONFISCATE,RESTRAINT,6,2010,7,971
RETURN,FIELD,1,2009,9,972
EUTH REQ,OTC OWNED,56,2009,4,973
EUTH REQ,,5,2010,7,974
RETURN,OTC,17,2009,9,975
OUTSURGERY,,82,2009,4,976
EUTH REQ,FIELD OWN,11,2010,7,977
STRAY,FIELD,426,2009,9,978
OWNER SUR,FIELD,53,2009,4,979
EUTH REQ,OTC OWNED,48,2010,7,980
STRAY,OTC,487,2009,9,981
OWNER SUR,OTC,165,2009,4,982
OUTSURGERY,,42,2010,7,983
CONFISCATE,CHAINING,8,2009,10,984
QUARANTINE,MAS,13,2009,4,985
OUTSURGERY,NEUTER,5,2010,7,986
CONFISCATE,DANGER DOG,2,2009,10,987
QUARANTINE,STRAY,1,2009,4,988
OWNER SUR,FIELD,98,2010,7,989
CONFISCATE,NEGLECT,74,2009,10,990
RETURN,,2,2009,4,991
OWNER SUR,OTC,279,2010,7,992
CONFISCATE,RESTRAINT,4,2009,10,993
RETURN,OTC,25,2009,4,994
QUARANTINE,MAS,4,2010,7,995
CONFISCATE,UNPERMITED,3,2009,10,996
STRAY,FIELD,387,2009,4,997
QUARANTINE,STRAY,4,2010,7,998
EUTH REQ,FIELD OWN,3,2009,10,999
STRAY,OTC,316,2009,4,1000
RETURN,FIELD,4,2010,7,1001
EUTH REQ,OTC OWNED,48,2009,10,1002
TRANSFER,AN CONTROL,1,2009,4,1003
OUTSURGERY,,63,2009,10,1004
CONFISCATE,,5,2009,5,1005
OWNER SUR,,3,2009,10,1006
CONFISCATE,ABANDONED,2,2009,5,1007
OWNER SUR,FIELD,25,2009,10,1008
RETURN,OTC,17,2010,7,1009
CONFISCATE,CHAINING,17,2009,5,1010
CONFISCATE,NEGLECT,32,2009,5,1011
CONFISCATE,POTDANGER,3,2009,5,1012
CONFISCATE,RESTRAINT,10,2009,5,1013
CONFISCATE,UNPERMITED,16,2009,5,1014
EUTH REQ,FIELD OWN,6,2009,5,1015
EUTH REQ,OTC OWNED,72,2009,5,1016
INVESTIGAT,POTDANGER,1,2009,5,1017
OUTSURGERY,,62,2009,5,1018
OWNER SUR,,1,2009,5,1019
OWNER SUR,FIELD,48,2009,5,1020
OWNER SUR,OTC,245,2009,5,1021
QUARANTINE,MAS,20,2009,5,1022
QUARANTINE,STRAY,3,2009,5,1023
RETURN,FIELD,1,2009,5,1024
RETURN,OTC,24,2009,5,1025
STRAY,FIELD,429,2009,5,1026
STRAY,OTC,471,2009,5,1027
CONFISCATE,,8,2009,6,1028
CONFISCATE,CHAINING,13,2009,6,1029
CONFISCATE,CRUELTY,3,2009,6,1030
CONFISCATE,NEGLECT,58,2009,6,1031
CONFISCATE,POLICE,2,2009,6,1032
CONFISCATE,POTDANGER,1,2009,6,1033
OUTSURGERY,,84,2009,1,1034
EUTH REQ,FIELD OWN,8,2010,1,1035
STRAY,FIELD,565,2010,7,1036
OWNER SUR,OTC,265,2009,10,1037
STRAY,OTC,505,2010,7,1038
QUARANTINE,MAS,13,2009,10,1039
CONFISCATE,ABANDONED,2,2010,8,1040
QUARANTINE,STRAY,1,2009,10,1041
CONFISCATE,BITE,2,2010,8,1042
RETURN,,1,2009,10,1043
CONFISCATE,CHAINING,5,2010,8,1044
RETURN,FIELD,1,2009,10,1045
CONFISCATE,CRUELTY,1,2010,8,1046
RETURN,OTC,21,2009,10,1047
CONFISCATE,NEGLECT,13,2010,8,1048
STRAY,,5,2009,10,1049
CONFISCATE,POTDANGER,1,2010,8,1050
CONFISCATE,RESTRAINT,3,2010,8,1051
EUTH REQ,,7,2010,8,1052
EUTH REQ,FIELD OWN,31,2010,8,1053
EUTH REQ,OTC OWNED,40,2010,1,1054
INVESTIGAT,POTDANGER,1,2010,1,1055
KHS,,1,2010,1,1056
OUTSURGERY,,29,2010,1,1057
OWNER SUR,FIELD,63,2010,1,1058
OWNER SUR,OTC,144,2010,1,1059
RETURN,FIELD,2,2010,1,1060
RETURN,OTC,21,2010,1,1061
STRAY,FIELD,270,2010,1,1062
STRAY,OTC,208,2010,1,1063
TRANSFER,AN CONTROL,1,2010,1,1064
CONFISCATE,BITE,1,2010,2,1065
CONFISCATE,CHAINING,1,2010,2,1066
CONFISCATE,DANGER DOG,2,2010,2,1067
CONFISCATE,NEGLECT,19,2010,2,1068
CONFISCATE,POLICE,1,2010,2,1069
CONFISCATE,POTDANGER,1,2010,2,1070
CONFISCATE,RESTRAINT,4,2010,2,1071
EUTH REQ,FIELD OWN,2,2010,2,1072
EUTH REQ,OTC OWNED,29,2010,2,1073
KHS,STRAY,3,2010,2,1074
OUTSURGERY,,49,2010,2,1075
OWNER SUR,,1,2010,2,1076
OWNER SUR,FIELD,37,2010,2,1077
OWNER SUR,OTC,169,2010,2,1078
QUARANTINE,MAS,5,2010,2,1079
QUARANTINE,OWNER,1,2010,2,1080
QUARANTINE,STRAY,4,2010,2,1081
RETURN,FIELD,5,2010,2,1082
RETURN,OTC,14,2010,2,1083
STRAY,FIELD,258,2010,2,1084
STRAY,OTC,199,2010,2,1085
TRANSFER,AN CONTROL,1,2010,2,1086
CONFISCATE,ABANDONED,5,2010,3,1087
CONFISCATE,CHAINING,7,2010,3,1088
CONFISCATE,CRUELTY,2,2010,3,1089
CONFISCATE,NEGLECT,8,2010,3,1090
CONFISCATE,OWNER DIED,1,2010,3,1091
CONFISCATE,POLICE,1,2010,3,1092
CONFISCATE,POTDANGER,2,2010,3,1093
EUTH REQ,FIELD OWN,11,2010,3,1094
EUTH REQ,OTC OWNED,52,2010,3,1095
FOSTER,RETURN,1,2010,3,1096
OUTSURGERY,,49,2010,3,1097
OUTSURGERY,NEUTER,4,2010,3,1098
OWNER SUR,FIELD,63,2010,3,1099
OWNER SUR,OTC,169,2010,3,1100
QUARANTINE,MAS,7,2010,3,1101
QUARANTINE,OWNER,2,2010,3,1102
OWNER SUR,FIELD,55,2009,1,1103
OWNER SUR,OTC,179,2009,1,1104
QUARANTINE,MAS,3,2009,1,1105
QUARANTINE,OWNER,2,2009,1,1106
QUARANTINE,STRAY,4,2009,1,1107
RETURN,,1,2009,1,1108
RETURN,FIELD,2,2009,1,1109
RETURN,OTC,31,2009,1,1110
STRAY,FIELD,293,2009,1,1111
STRAY,OTC,217,2009,1,1112
CONFISCATE,ABANDONED,5,2009,2,1113
CONFISCATE,BITE,1,2009,2,1114
CONFISCATE,CHAINING,11,2009,2,1115
CONFISCATE,CRUELTY,2,2009,2,1116
CONFISCATE,EVICTION,1,2009,2,1117
CONFISCATE,NEGLECT,17,2009,2,1118
CONFISCATE,UNPERMITED,46,2009,2,1119
EUTH REQ,FIELD OWN,13,2009,2,1120
EUTH REQ,OTC OWNED,36,2009,2,1121
OUTSURGERY,,103,2009,2,1122
OWNER SUR,,1,2009,2,1123
OWNER SUR,FIELD,44,2009,2,1124
OWNER SUR,OTC,157,2009,2,1125
QUARANTINE,MAS,2,2009,2,1126
QUARANTINE,OWNER,1,2009,2,1127
QUARANTINE,STRAY,1,2009,2,1128
RETURN,FIELD,2,2009,2,1129
RETURN,OTC,12,2009,2,1130
STRAY,FIELD,314,2009,2,1131
STRAY,OTC,194,2009,2,1132
CONFISCATE,,1,2009,3,1133
CONFISCATE,ABANDONED,3,2009,3,1134
CONFISCATE,BITE,1,2009,3,1135
CONFISCATE,CHAINING,15,2009,3,1136
CONFISCATE,NEGLECT,15,2009,3,1137
CONFISCATE,OWNER DIED,1,2009,3,1138
CONFISCATE,POLICE,3,2009,3,1139
CONFISCATE,POTDANGER,10,2009,3,1140
CONFISCATE,UNPERMITED,28,2009,3,1141
EUTH REQ,FIELD OWN,7,2009,3,1142
EUTH REQ,OTC OWNED,46,2009,3,1143
OUTSURGERY,,93,2009,3,1144
OWNER SUR,FIELD,64,2009,3,1145
OWNER SUR,OTC,133,2009,3,1146
QUARANTINE,MAS,10,2009,3,1147
QUARANTINE,OWNER,6,2009,3,1148
QUARANTINE,STRAY,2,2009,3,1149
RETURN,,1,2009,3,1150
CONFISCATE,RESTRAINT,5,2009,6,1151
CONFISCATE,UNPERMITED,13,2009,6,1152
EUTH REQ,,1,2009,6,1153
EUTH REQ,FIELD OWN,10,2009,6,1154
EUTH REQ,OTC OWNED,76,2009,6,1155
INVESTIGAT,POTDANGER,1,2009,6,1156
MED OBSERV,,1,2009,6,1157
OUTSURGERY,,91,2009,6,1158
OUTSURGERY,STRAY,1,2009,6,1159
OWNER SUR,,2,2009,6,1160
OWNER SUR,FIELD,40,2009,6,1161
OWNER SUR,OTC,287,2009,6,1162
QUARANTINE,,2,2009,6,1163
QUARANTINE,MAS,14,2009,6,1164
QUARANTINE,STRAY,1,2009,6,1165
RETURN,FIELD,2,2009,6,1166
RETURN,OTC,27,2009,6,1167
STRAY,FIELD,563,2009,6,1168
STRAY,OTC,503,2009,6,1169
CONFISCATE,,6,2009,7,1170
CONFISCATE,BITE,1,2009,7,1171
CONFISCATE,CHAINING,6,2009,7,1172
CONFISCATE,DANGER DOG,1,2009,7,1173
CONFISCATE,EVICTION,1,2009,7,1174
CONFISCATE,NEGLECT,86,2009,7,1175
CONFISCATE,RESTRAINT,30,2009,7,1176
CONFISCATE,UNPERMITED,8,2009,7,1177
EUTH REQ,,1,2009,7,1178
EUTH REQ,FIELD OWN,8,2009,7,1179
EUTH REQ,OTC OWNED,78,2009,7,1180
INVESTIGAT,POTDANGER,1,2009,7,1181
KHS,STRAY,1,2009,7,1182
OUTSURGERY,,50,2009,7,1183
OWNER SUR,,1,2009,7,1184
OWNER SUR,FIELD,37,2009,7,1185
OWNER SUR,OTC,220,2009,7,1186
QUARANTINE,,1,2009,7,1187
QUARANTINE,MAS,35,2009,7,1188
QUARANTINE,STRAY,4,2009,7,1189
RETURN,FIELD,2,2009,7,1190
RETURN,OTC,19,2009,7,1191
STRAY,,1,2009,7,1192
STRAY,FIELD,537,2009,7,1193
STRAY,OTC,547,2009,7,1194
CONFISCATE,,7,2009,8,1195
CONFISCATE,CHAINING,11,2009,8,1196
CONFISCATE,NEGLECT,15,2009,8,1197
CONFISCATE,POLICE,2,2009,8,1198
CONFISCATE,POTDANGER,1,2009,8,1199
CONFISCATE,RESTRAINT,5,2009,8,1200
CONFISCATE,BITE,2,2011,11,1201
CONFISCATE,CHAINING,2,2011,11,1202
CONFISCATE,DANGER DOG,1,2011,11,1203
CONFISCATE,NEGLECT,5,2011,11,1204
CONFISCATE,POLICE,1,2011,11,1205
CONFISCATE,RESTRAINT,6,2011,11,1206
FOSTER,RETURN,11,2011,11,1207
OWNER SUR,,3,2011,11,1208
OWNER SUR,EUTH REQ,71,2011,11,1209
OWNER SUR,FIELD,46,2011,11,1210
OWNER SUR,OTC,159,2011,11,1211
CONFISCATE,CRUELTY,2,2011,1,1212
RETURN,ADOPTION,31,2011,11,1213
STRAY,FIELD,295,2011,11,1214
STRAY,OTC,155,2011,11,1215
CONFISCATE,CHAINING,1,2012,2,1216
EUTH REQ,OTC OWNED,49,2011,3,1217
CONFISCATE,NEGLECT,10,2011,1,1218
CONFISCATE,,1,2011,12,1219
OWNER SUR,OTC,275,2011,5,1220
QUARANTINE,STRAY,2,2010,10,1221
CONFISCATE,NEGLECT,7,2012,2,1222
INVESTIGAT,NUISANCE,1,2011,3,1223
CONFISCATE,OWNER DIED,4,2011,1,1224
CONFISCATE,ABANDONED,3,2011,12,1225
RETURN,ADOPTION,18,2011,5,1226
CONFISCATE,ABANDONED,1,2011,8,1227
RETURN,ADOPTION,1,2010,10,1228
CONFISCATE,POLICE,1,2012,2,1229
OUTSURGERY,,46,2011,3,1230
CONFISCATE,POLICE,1,2011,1,1231
CONFISCATE,BITE,2,2011,12,1232
RETURN,K HUMANE S,3,2011,5,1233
CONFISCATE,BITE,3,2011,8,1234
OUTSURGERY,NEUTER,6,2011,3,1235
RETURN,FIELD,2,2010,10,1236
OWNER SUR,,4,2011,3,1237
CONFISCATE,RESTRAINT,9,2011,1,1238
CONFISCATE,CRUELTY,1,2011,8,1239
STRAY,,4,2011,5,1240
RETURN,OTC,16,2010,10,1241
OWNER SUR,EUTH REQ,2,2011,3,1242
EUTH REQ,FIELD OWN,5,2011,1,1243
CONFISCATE,RESTRAINT,2,2012,2,1244
CONFISCATE,CHAINING,1,2011,12,1245
DISPOSAL,OTHER,2,2012,2,1246
EUTH REQ,OTC OWNED,35,2011,1,1247
STRAY,EUTH REQ,3,2011,5,1248
CONFISCATE,NEGLECT,9,2011,8,1249
CONFISCATE,CRUELTY,2,2011,12,1250
STRAY,,1,2010,10,1251
OWNER SUR,FIELD,39,2011,3,1252
DISPOSAL,OWNER,2,2012,2,1253
FOSTER,RETURN,1,2011,1,1254
STRAY,FIELD,460,2011,5,1255
CONFISCATE,POLICE,1,2011,8,1256
CONFISCATE,DANGER DOG,2,2011,12,1257
STRAY,FIELD,421,2010,10,1258
OWNER SUR,OTC,192,2011,3,1259
ET REQUEST,OLD,8,2012,2,1260
OUTSURGERY,,21,2011,1,1261
STRAY,OTC,292,2011,5,1262
CONFISCATE,RESTRAINT,4,2011,8,1263
CONFISCATE,HOSPITAL,1,2011,12,1264
STRAY,OTC,367,2010,10,1265
QUARANTINE,MAS,1,2011,3,1266
ET REQUEST,SICK,9,2012,2,1267
OUTSURGERY,NEUTER,7,2011,1,1268
CONFISCATE,ABANDONED,1,2011,6,1269
FOSTER,,12,2011,8,1270
CONFISCATE,NEGLECT,5,2011,12,1271
CONFISCATE,BITE,2,2010,11,1272
QUARANTINE,OWNER,2,2011,3,1273
FOSTER,,7,2012,2,1274
OWNER SUR,FIELD,52,2011,1,1275
CONFISCATE,BITE,1,2011,6,1276
FOSTER,RETURN,6,2011,8,1277
CONFISCATE,POTDANGER,1,2011,12,1278
CONFISCATE,CHAINING,4,2010,11,1279
RETURN,,3,2011,3,1280
FOSTER,RETURN,63,2012,2,1281
OWNER SUR,OTC,162,2011,1,1282
CONFISCATE,CHAINING,2,2011,6,1283
OWNER SUR,EUTH REQ,64,2011,8,1284
FOSTER,RETURN,20,2011,12,1285
CONFISCATE,CRUELTY,2,2010,11,1286
RETURN,ADOPTION,2,2011,3,1287
OWNER SUR,EUTH REQ,23,2012,2,1288
QUARANTINE,MAS,7,2011,1,1289
CONFISCATE,CRUELTY,2,2011,6,1290
OWNER SUR,FIELD,48,2011,8,1291
OWNER SUR,EUTH REQ,48,2011,12,1292
CONFISCATE,NEGLECT,25,2010,11,1293
RETURN,OTC,9,2011,3,1294
OWNER SUR,FIELD,22,2012,2,1295
RETURN,OTC,17,2011,1,1296
CONFISCATE,DANGER DOG,1,2011,6,1297
OWNER SUR,OTC,261,2011,8,1298
OWNER SUR,FIELD,21,2011,12,1299
CONFISCATE,RESTRAINT,7,2010,11,1300
STRAY,,1,2011,3,1301
OWNER SUR,OTC,114,2012,2,1302
STRAY,FIELD,301,2011,1,1303
CONFISCATE,HOSPITAL,1,2011,6,1304
RETURN,,4,2011,8,1305
OWNER SUR,OTC,142,2011,12,1306
EUTH REQ,,2,2010,11,1307
STRAY,EUTH REQ,1,2011,3,1308
RETURN,,1,2012,2,1309
STRAY,OTC,210,2011,1,1310
CONFISCATE,NEGLECT,10,2011,6,1311
RETURN,ADOPTION,19,2011,8,1312
RETURN,ADOPTION,17,2011,12,1313
EUTH REQ,FIELD OWN,9,2010,11,1314
STRAY,FIELD,395,2011,3,1315
RETURN,ADOPTION,28,2012,2,1316
CONFISCATE,ABANDONED,1,2011,2,1317
CONFISCATE,POLICE,2,2011,6,1318
RETURN,K HUMANE S,3,2011,8,1319
RETURN,FOSTER,1,2011,12,1320
EUTH REQ,OTC OWNED,44,2010,11,1321
STRAY,OTC,203,2011,3,1322
STRAY,,2,2012,2,1323
CONFISCATE,BITE,1,2011,2,1324
CONFISCATE,POTDANGER,1,2011,6,1325
STRAY,FIELD,542,2011,8,1326
STRAY,FIELD,324,2011,12,1327
OUTSURGERY,,31,2010,11,1328
TRANSFER,AN CONTROL,1,2011,3,1329
STRAY,FIELD,223,2012,2,1330
CONFISCATE,CHAINING,2,2011,2,1331
CONFISCATE,RESTRAINT,3,2011,6,1332
STRAY,OTC,264,2011,8,1333
STRAY,OTC,171,2011,12,1334
OUTSURGERY,NEUTER,4,2010,11,1335
CONFISCATE,BITE,7,2011,4,1336
STRAY,OTC,147,2012,2,1337
CONFISCATE,CRUELTY,1,2011,2,1338
FOSTER,,7,2011,6,1339
CONFISCATE,ABANDONED,3,2011,9,1340
CONFISCATE,ABANDONED,1,2012,1,1341
OWNER SUR,,1,2010,11,1342
CONFISCATE,CHAINING,3,2011,4,1343
CONFISCATE,BITE,3,2012,3,1344
CONFISCATE,NEGLECT,10,2011,2,1345
FOSTER,RETURN,2,2011,6,1346
CONFISCATE,BITE,5,2011,9,1347
CONFISCATE,CHAINING,1,2011,9,1348
CONFISCATE,CRUELTY,2,2011,9,1349
CONFISCATE,NEGLECT,3,2011,9,1350
CONFISCATE,OWNER DIED,1,2011,9,1351
CONFISCATE,RESTRAINT,4,2011,9,1352
DISPOSAL,STRAY,1,2011,9,1353
FOSTER,,1,2011,9,1354
FOSTER,RETURN,11,2011,9,1355
OWNER SUR,,1,2011,9,1356
OWNER SUR,EUTH REQ,62,2011,9,1357
OWNER SUR,FIELD,57,2011,9,1358
OWNER SUR,OTC,138,2011,9,1359
RETURN,ADOPTION,19,2011,9,1360
STRAY,,1,2011,9,1361
STRAY,FIELD,362,2011,9,1362
STRAY,OTC,211,2011,9,1363
CONFISCATE,BITE,2,2011,10,1364
CONFISCATE,CHAINING,2,2011,10,1365
CONFISCATE,CRUELTY,2,2011,10,1366
CONFISCATE,NEGLECT,2,2011,10,1367
CONFISCATE,POLICE,1,2011,10,1368
CONFISCATE,RESTRAINT,2,2011,10,1369
DISPOSAL,,1,2011,10,1370
DISPOSAL,STRAY,1,2011,10,1371
FOSTER,RETURN,17,2011,10,1372
OWNER SUR,EUTH REQ,66,2011,10,1373
OWNER SUR,FIELD,33,2011,10,1374
OWNER SUR,OTC,122,2011,10,1375
RETURN,ADOPTION,21,2011,10,1376
STRAY,,1,2011,10,1377
STRAY,FIELD,296,2011,10,1378
STRAY,OTC,184,2011,10,1379
OWNER SUR,FIELD,44,2010,11,1380
OWNER SUR,OTC,186,2010,11,1381
CONFISCATE,CRUELTY,1,2011,4,1382
QUARANTINE,MAS,5,2010,11,1383
CONFISCATE,CRUELTY,1,2012,1,1384
CONFISCATE,NEGLECT,11,2011,4,1385
QUARANTINE,OWNER,2,2010,11,1386
CONFISCATE,NEGLECT,6,2012,1,1387
OUTSURGERY,NEUTER,4,2011,6,1388
CONFISCATE,POLICE,1,2011,2,1389
CONFISCATE,POLICE,3,2011,4,1390
QUARANTINE,STRAY,2,2010,11,1391
CONFISCATE,POLICE,1,2012,1,1392
OWNER SUR,EUTH REQ,69,2011,6,1393
CONFISCATE,CHAINING,1,2012,3,1394
CONFISCATE,POTDANGER,1,2011,2,1395
CONFISCATE,RESTRAINT,6,2011,4,1396
RETURN,ADOPTION,2,2010,11,1397
CONFISCATE,POTDANGER,2,2012,1,1398
OWNER SUR,FIELD,70,2011,6,1399
CONFISCATE,CRUELTY,2,2012,3,1400
EUTH REQ,FIELD OWN,3,2011,2,1401
EUTH REQ,OTC OWNED,5,2011,4,1402
RETURN,OTC,16,2010,11,1403
DISPOSAL,OWNER,5,2012,1,1404
OWNER SUR,OTC,248,2011,6,1405
CONFISCATE,DANGER DOG,1,2012,3,1406
EUTH REQ,OTC OWNED,45,2011,2,1407
OUTSURGERY,,28,2011,4,1408
STRAY,FIELD,356,2010,11,1409
DISPOSAL,STRAY,1,2012,1,1410
RETURN,,3,2011,6,1411
CONFISCATE,NEGLECT,13,2012,3,1412
INVESTIGAT,DANGER DOG,2,2011,2,1413
OUTSURGERY,NEUTER,6,2011,4,1414
STRAY,OTC,248,2010,11,1415
ET REQUEST,OLD,7,2012,1,1416
RETURN,ADOPTION,31,2011,6,1417
CONFISCATE,OWNER DIED,1,2012,3,1418
KHS,,1,2011,2,1419
OWNER SUR,EUTH REQ,29,2011,4,1420
TRANSFER,,1,2010,11,1421
ET REQUEST,SICK,4,2012,1,1422
RETURN,K HUMANE S,1,2011,6,1423
CONFISCATE,POLICE,10,2012,3,1424
OUTSURGERY,,44,2011,2,1425
OWNER SUR,FIELD,38,2011,4,1426
CONFISCATE,CHAINING,1,2010,12,1427
FOSTER,RETURN,73,2012,1,1428
STRAY,FIELD,445,2011,6,1429
CONFISCATE,RESTRAINT,4,2012,3,1430
OUTSURGERY,NEUTER,6,2011,2,1431
OWNER SUR,OTC,251,2011,4,1432
CONFISCATE,DANGER DOG,4,2010,12,1433
OWNER SUR,EUTH REQ,27,2012,1,1434
STRAY,OTC,330,2011,6,1435
DISPOSAL,OTHER,1,2012,3,1436
OWNER SUR,FIELD,36,2011,2,1437
RETURN,,1,2011,4,1438
CONFISCATE,NEGLECT,22,2010,12,1439
OWNER SUR,FIELD,37,2012,1,1440
CONFISCATE,ABANDONED,15,2011,7,1441
DISPOSAL,OWNER,1,2012,3,1442
OWNER SUR,OTC,169,2011,2,1443
RETURN,ADOPTION,21,2011,4,1444
CONFISCATE,POLICE,1,2010,12,1445
OWNER SUR,OTC,103,2012,1,1446
CONFISCATE,BITE,4,2011,7,1447
ET REQUEST,,6,2012,3,1448
QUARANTINE,MAS,2,2011,2,1449
STRAY,,2,2011,4,1450
EUTH REQ,FIELD OWN,6,2010,12,1451
RETURN,,1,2012,1,1452
CONFISCATE,CHAINING,1,2011,7,1453
ET REQUEST,AGGRESSIVE,1,2012,3,1454
QUARANTINE,OWNER,1,2011,2,1455
STRAY,EUTH REQ,1,2011,4,1456
EUTH REQ,OTC OWNED,29,2010,12,1457
MED OBSERV,POST SURG,5,2010,12,1458
OUTSURGERY,,27,2010,12,1459
OUTSURGERY,NEUTER,2,2010,12,1460
OWNER SUR,,1,2010,12,1461
OWNER SUR,FIELD,45,2010,12,1462
OWNER SUR,OTC,152,2010,12,1463
QUARANTINE,MAS,2,2010,12,1464
QUARANTINE,STRAY,2,2010,12,1465
RETURN,ADOPTION,1,2010,12,1466
RETURN,FIELD,1,2010,12,1467
RETURN,OTC,20,2010,12,1468
STRAY,FIELD,321,2010,12,1469
STRAY,OTC,220,2010,12,1470
CONFISCATE,ABANDONED,8,2011,1,1471
CONFISCATE,BITE,1,2011,1,1472
CONFISCATE,CHAINING,2,2011,1,1473
QUARANTINE,STRAY,1,2011,2,1474
RETURN,,1,2011,2,1475
RETURN,K HUMANE S,1,2011,2,1476
RETURN,OTC,7,2011,2,1477
STRAY,FIELD,302,2011,2,1478
STRAY,OTC,155,2011,2,1479
CONFISCATE,ABANDONED,10,2011,3,1480
CONFISCATE,BITE,2,2011,3,1481
STRAY,FIELD,493,2011,4,1482
CONFISCATE,CHAINING,6,2011,3,1483
CONFISCATE,CRUELTY,2,2011,7,1484
STRAY,OTC,266,2011,4,1485
CONFISCATE,CRUELTY,3,2011,3,1486
CONFISCATE,NEGLECT,7,2011,7,1487
ET REQUEST,OLD,25,2012,3,1488
CONFISCATE,ABANDONED,8,2011,5,1489
RETURN,ADOPTION,10,2012,1,1490
CONFISCATE,EVICTION,3,2011,3,1491
CONFISCATE,POTDANGER,2,2011,7,1492
ET REQUEST,SICK,20,2012,3,1493
CONFISCATE,BITE,2,2011,5,1494
STRAY,,1,2012,1,1495
CONFISCATE,NEGLECT,21,2011,3,1496
CONFISCATE,RESTRAINT,1,2011,7,1497
FOSTER,,1,2012,3,1498
CONFISCATE,CHAINING,7,2011,5,1499
STRAY,FIELD,256,2012,1,1500
CONFISCATE,POLICE,2,2011,3,1501
DISPOSAL,STRAY,1,2011,7,1502
FOSTER,RETURN,63,2012,3,1503
CONFISCATE,CRUELTY,3,2011,5,1504
STRAY,OTC,144,2012,1,1505
CONFISCATE,POTDANGER,1,2011,3,1506
FOSTER,,7,2011,7,1507
OWNER SUR,,1,2012,3,1508
CONFISCATE,NEGLECT,9,2011,5,1509
CONFISCATE,BITE,1,2012,2,1510
CONFISCATE,RESTRAINT,1,2011,3,1511
FOSTER,RETURN,4,2011,7,1512
OWNER SUR,EUTH REQ,32,2012,3,1513
CONFISCATE,POLICE,1,2011,5,1514
CONFISCATE,UNPERMITED,1,2011,3,1515
OWNER SUR,,2,2011,7,1516
OWNER SUR,FIELD,32,2012,3,1517
CONFISCATE,POTDANGER,1,2011,5,1518
EUTH REQ,FIELD OWN,10,2011,3,1519
OWNER SUR,EUTH REQ,48,2011,7,1520
OWNER SUR,OTC,151,2012,3,1521
CONFISCATE,RESTRAINT,10,2011,5,1522
OWNER SUR,FIELD,88,2011,7,1523
RETURN,,1,2012,3,1524
FOSTER,RETURN,1,2011,5,1525
OWNER SUR,OTC,247,2011,7,1526
RETURN,ADOPTION,16,2012,3,1527
OUTSURGERY,,18,2011,5,1528
RETURN,,1,2011,7,1529
STRAY,,4,2012,3,1530
OUTSURGERY,NEUTER,1,2011,5,1531
RETURN,ADOPTION,31,2011,7,1532
STRAY,FIELD,303,2012,3,1533
OWNER SUR,,1,2011,5,1534
RETURN,FOSTER,1,2011,7,1535
STRAY,OTC,169,2012,3,1536
OWNER SUR,EUTH REQ,70,2011,5,1537
RETURN,K HUMANE S,2,2011,7,1538
CONFISCATE,,3,2012,4,1539
OWNER SUR,FIELD,40,2011,5,1540
STRAY,,3,2011,7,1541
CONFISCATE,BITE,1,2012,4,1542
STRAY,EUTH REQ,1,2011,7,1543
CONFISCATE,CHAINING,2,2012,4,1544
STRAY,FIELD,492,2011,7,1545
CONFISCATE,CRUELTY,2,2012,4,1546
STRAY,OTC,288,2011,7,1547
CONFISCATE,NEGLECT,8,2012,4,1548
CONFISCATE,RESTRAINT,3,2012,4,1549
DISPOSAL,STRAY,1,2012,4,1550
EUTH REQ,OTC OWNED,62,2010,8,1551
OUTSURGERY,,38,2010,8,1552
OUTSURGERY,NEUTER,7,2010,8,1553
OWNER SUR,,2,2010,8,1554
OWNER SUR,FIELD,120,2010,8,1555
OWNER SUR,OTC,241,2010,8,1556
QUARANTINE,MAS,4,2010,8,1557
QUARANTINE,OWNER,2,2010,8,1558
QUARANTINE,STRAY,4,2010,8,1559
RETURN,,1,2010,8,1560
RETURN,FIELD,3,2010,8,1561
RETURN,OTC,28,2010,8,1562
STRAY,,1,2010,8,1563
STRAY,FIELD,580,2010,8,1564
STRAY,OTC,469,2010,8,1565
CONFISCATE,ABANDONED,1,2010,9,1566
CONFISCATE,CHAINING,2,2010,9,1567
CONFISCATE,NEGLECT,16,2010,9,1568
CONFISCATE,POLICE,1,2010,9,1569
CONFISCATE,RESTRAINT,5,2010,9,1570
EUTH REQ,,5,2010,9,1571
EUTH REQ,FIELD OWN,9,2010,9,1572
EUTH REQ,OTC OWNED,49,2010,9,1573
OUTSURGERY,,43,2010,9,1574
OUTSURGERY,NEUTER,3,2010,9,1575
OWNER SUR,,4,2010,9,1576
OWNER SUR,FIELD,83,2010,9,1577
OWNER SUR,OTC,224,2010,9,1578
QUARANTINE,MAS,8,2010,9,1579
QUARANTINE,STRAY,1,2010,9,1580
RETURN,OTC,21,2010,9,1581
STRAY,FIELD,443,2010,9,1582
STRAY,OTC,393,2010,9,1583
CONFISCATE,ABANDONED,3,2010,10,1584
CONFISCATE,BITE,2,2010,10,1585
CONFISCATE,CHAINING,2,2010,10,1586
CONFISCATE,CRUELTY,1,2010,10,1587
CONFISCATE,NEGLECT,6,2010,10,1588
CONFISCATE,RESTRAINT,4,2010,10,1589
EUTH REQ,,5,2010,10,1590
EUTH REQ,FIELD OWN,6,2010,10,1591
EUTH REQ,OTC OWNED,33,2010,10,1592
KHS,,1,2010,10,1593
OUTSURGERY,,36,2010,10,1594
OUTSURGERY,NEUTER,5,2010,10,1595
OWNER SUR,FIELD,59,2010,10,1596
OWNER SUR,OTC,221,2010,10,1597
QUARANTINE,,1,2010,10,1598
QUARANTINE,MAS,3,2010,10,1599
QUARANTINE,OWNER,1,2010,10,1600
DISPOSAL,FIELD,1,2013,7,1601
DISPOSAL,OTHER,2,2013,7,1602
OWNER SUR,OTC,107,2012,10,1603
DISPOSAL,OWNER,5,2013,7,1604
DISPOSAL,STRAY,2,2013,7,1605
RETURN,,1,2012,10,1606
RETURN,K HUMANE S,2,2012,12,1607
ET REQUEST,,2,2012,4,1608
ET REQUEST,,1,2013,7,1609
RETURN,ADOPTION,12,2012,10,1610
STRAY,,1,2012,12,1611
CONFISCATE,EVICTION,1,2013,5,1612
OWNER SUR,EUTH REQ,11,2012,6,1613
ET REQUEST,AGGRESSIVE,29,2012,4,1614
ET REQUEST,AGGRESSIVE,6,2013,7,1615
CONFISCATE,CRUELTY,8,2013,3,1616
STRAY,FIELD,247,2012,10,1617
STRAY,FIELD,215,2012,12,1618
CONFISCATE,NEGLECT,11,2013,5,1619
OWNER SUR,FIELD,39,2012,6,1620
ET REQUEST,OLD,12,2012,4,1621
ET REQUEST,OLD,13,2013,7,1622
CONFISCATE,NEGLECT,1,2013,3,1623
STRAY,OTC,274,2012,10,1624
STRAY,OTC,203,2012,12,1625
CONFISCATE,OWNER DIED,1,2013,5,1626
OWNER SUR,OTC,158,2012,6,1627
ET REQUEST,SICK,14,2012,4,1628
ET REQUEST,SICK,15,2013,7,1629
CONFISCATE,POLICE,2,2013,3,1630
CONFISCATE,ABANDONED,5,2012,11,1631
CONFISCATE,ABANDONED,1,2013,1,1632
CONFISCATE,RESTRAINT,1,2013,5,1633
RETURN,ADOPTION,20,2012,6,1634
FOSTER,RETURN,91,2012,4,1635
FOSTER,RETURN,94,2013,7,1636
CONFISCATE,RESTRAINT,1,2013,3,1637
CONFISCATE,BITE,1,2012,11,1638
CONFISCATE,BITE,2,2013,1,1639
DISPOSAL,,1,2013,5,1640
STRAY,,8,2012,6,1641
OWNER SUR,,1,2012,4,1642
LOST,WEB,1,2013,7,1643
DISPOSAL,,6,2013,3,1644
CONFISCATE,CRUELTY,3,2012,11,1645
CONFISCATE,NEGLECT,1,2013,1,1646
DISPOSAL,FIELD,1,2013,5,1647
STRAY,FIELD,307,2012,6,1648
OWNER SUR,EUTH REQ,24,2012,4,1649
OWNER SUR,EUTH REQ,26,2013,7,1650
DISPOSAL,FIELD,2,2013,3,1651
CONFISCATE,DANGER DOG,1,2012,11,1652
CONFISCATE,POLICE,3,2013,1,1653
DISPOSAL,OTHER,6,2013,5,1654
STRAY,OTC,385,2012,6,1655
OWNER SUR,FIELD,50,2012,4,1656
OWNER SUR,FIELD,39,2013,7,1657
DISPOSAL,OTHER,1,2013,3,1658
CONFISCATE,NEGLECT,1,2012,11,1659
CONFISCATE,RESTRAINT,2,2013,1,1660
DISPOSAL,OWNER,16,2013,5,1661
CONFISCATE,ABANDONED,2,2012,7,1662
OWNER SUR,OTC,161,2012,4,1663
OWNER SUR,OTC,137,2013,7,1664
DISPOSAL,OWNER,7,2013,3,1665
CONFISCATE,POLICE,2,2012,11,1666
DISPOSAL,FIELD,2,2013,1,1667
DISPOSAL,WILDLIFE,1,2013,5,1668
CONFISCATE,BITE,1,2012,7,1669
RETURN,ADOPTION,14,2012,4,1670
RETURN,ADOPTION,18,2013,7,1671
DISPOSAL,STRAY,2,2013,3,1672
CONFISCATE,RESTRAINT,4,2012,11,1673
DISPOSAL,OTHER,8,2013,1,1674
ET REQUEST,,3,2013,5,1675
CONFISCATE,CHAINING,1,2012,7,1676
STRAY,,3,2012,4,1677
RETURN,K HUMANE S,1,2013,7,1678
ET REQUEST,,2,2013,3,1679
DISPOSAL,,3,2012,11,1680
DISPOSAL,OWNER,5,2013,1,1681
ET REQUEST,AGGRESSIVE,13,2013,5,1682
CONFISCATE,CRUELTY,8,2012,7,1683
CONFISCATE,NEGLECT,1,2012,7,1684
CONFISCATE,POTDANGER,2,2012,7,1685
DISPOSAL,OTHER,2,2012,7,1686
DISPOSAL,WILDLIFE,1,2012,7,1687
ET REQUEST,,7,2012,7,1688
ET REQUEST,AGGRESSIVE,13,2012,7,1689
ET REQUEST,OLD,19,2012,7,1690
ET REQUEST,SICK,18,2012,7,1691
FOSTER,,7,2012,7,1692
FOSTER,RETURN,94,2012,7,1693
OWNER SUR,EUTH REQ,9,2012,7,1694
OWNER SUR,FIELD,36,2012,7,1695
OWNER SUR,OTC,165,2012,7,1696
RETURN,,1,2012,7,1697
RETURN,ADOPTION,9,2012,7,1698
RETURN,K HUMANE S,1,2012,7,1699
STRAY,,5,2012,7,1700
STRAY,FIELD,278,2012,7,1701
STRAY,OTC,330,2012,7,1702
CONFISCATE,ABANDONED,2,2012,8,1703
CONFISCATE,BITE,1,2012,8,1704
CONFISCATE,CRUELTY,15,2012,8,1705
CONFISCATE,DANGER DOG,3,2012,8,1706
CONFISCATE,NEGLECT,2,2012,8,1707
CONFISCATE,POLICE,3,2012,8,1708
CONFISCATE,POTDANGER,2,2012,8,1709
DISPOSAL,FIELD,1,2012,8,1710
DISPOSAL,OTHER,2,2012,8,1711
DISPOSAL,OWNER,5,2012,8,1712
ET REQUEST,AGGRESSIVE,8,2012,8,1713
ET REQUEST,OLD,15,2012,8,1714
ET REQUEST,SICK,11,2012,8,1715
FOSTER,,2,2012,8,1716
FOSTER,RETURN,89,2012,8,1717
OWNER SUR,,1,2012,8,1718
OWNER SUR,EUTH REQ,7,2012,8,1719
OWNER SUR,FIELD,19,2012,8,1720
OWNER SUR,OTC,157,2012,8,1721
RETURN,ADOPTION,15,2012,8,1722
DISPOSAL,FIELD,1,2012,11,1723
STRAY,,1,2013,7,1724
ET REQUEST,OLD,18,2013,5,1725
DISPOSAL,OTHER,1,2012,11,1726
STRAY,FIELD,398,2013,7,1727
ET REQUEST,SICK,8,2013,5,1728
DISPOSAL,STRAY,1,2013,1,1729
STRAY,FIELD,404,2012,4,1730
ET REQUEST,AGGRESSIVE,13,2013,3,1731
DISPOSAL,OWNER,5,2012,11,1732
STRAY,OTC,311,2013,7,1733
FOSTER,RETURN,85,2013,5,1734
ET REQUEST,,1,2013,1,1735
STRAY,OTC,178,2012,4,1736
ET REQUEST,OLD,15,2013,3,1737
DISPOSAL,STRAY,3,2012,11,1738
CONFISCATE,ABANDONED,1,2013,8,1739
OWNER SUR,EUTH REQ,16,2013,5,1740
ET REQUEST,AGGRESSIVE,5,2013,1,1741
CONFISCATE,ABANDONED,3,2012,5,1742
ET REQUEST,SICK,11,2013,3,1743
ET REQUEST,,4,2012,11,1744
CONFISCATE,BITE,1,2013,8,1745
OWNER SUR,FIELD,39,2013,5,1746
ET REQUEST,OLD,13,2013,1,1747
CONFISCATE,BITE,3,2012,5,1748
FOSTER,RETURN,30,2013,3,1749
ET REQUEST,AGGRESSIVE,9,2012,11,1750
CONFISCATE,CRUELTY,18,2013,8,1751
OWNER SUR,OTC,98,2013,5,1752
ET REQUEST,SICK,7,2013,1,1753
CONFISCATE,CHAINING,1,2012,5,1754
OWNER SUR,,2,2013,3,1755
ET REQUEST,OLD,13,2012,11,1756
CONFISCATE,DANGER DOG,1,2013,8,1757
RETURN,ADOPTION,7,2013,5,1758
FOSTER,RETURN,70,2013,1,1759
CONFISCATE,CRUELTY,7,2012,5,1760
OWNER SUR,EUTH REQ,16,2013,3,1761
ET REQUEST,SICK,15,2012,11,1762
CONFISCATE,POLICE,4,2013,8,1763
STRAY,,6,2013,5,1764
FOUND,,1,2013,1,1765
CONFISCATE,NEGLECT,8,2012,5,1766
OWNER SUR,FIELD,40,2013,3,1767
FOSTER,RETURN,126,2012,11,1768
CONFISCATE,POTDANGER,1,2013,8,1769
STRAY,FIELD,342,2013,5,1770
OWNER SUR,EUTH REQ,5,2013,1,1771
CONFISCATE,OWNER DIED,1,2012,5,1772
OWNER SUR,OTC,125,2013,3,1773
FOUND,,1,2012,11,1774
CONFISCATE,RESTRAINT,1,2013,8,1775
STRAY,OTC,328,2013,5,1776
OWNER SUR,FIELD,21,2013,1,1777
CONFISCATE,RESTRAINT,3,2012,5,1778
RETURN,ADOPTION,9,2013,3,1779
OWNER SUR,EUTH REQ,8,2012,11,1780
DISPOSAL,,3,2013,8,1781
CONFISCATE,ABANDONED,9,2013,6,1782
OWNER SUR,OTC,121,2013,1,1783
DISPOSAL,OTHER,1,2012,5,1784
RETURN,K HUMANE S,2,2013,3,1785
OWNER SUR,FIELD,26,2012,11,1786
DISPOSAL,FIELD,1,2013,8,1787
CONFISCATE,BITE,1,2013,6,1788
RETURN,,1,2013,1,1789
DISPOSAL,STRAY,1,2012,5,1790
STRAY,,4,2013,3,1791
OWNER SUR,OTC,117,2012,11,1792
DISPOSAL,OTHER,1,2013,8,1793
CONFISCATE,CRUELTY,2,2013,6,1794
CONFISCATE,POLICE,5,2013,6,1795
CONFISCATE,RESTRAINT,2,2013,6,1796
DISPOSAL,,1,2013,6,1797
DISPOSAL,FIELD,2,2013,6,1798
DISPOSAL,OTHER,3,2013,6,1799
DISPOSAL,OWNER,9,2013,6,1800
ET REQUEST,,9,2013,6,1801
ET REQUEST,AGGRESSIVE,5,2013,6,1802
ET REQUEST,OLD,15,2013,6,1803
ET REQUEST,SICK,17,2013,6,1804
FOSTER,RETURN,125,2013,6,1805
OWNER SUR,EUTH REQ,20,2013,6,1806
OWNER SUR,FIELD,79,2013,6,1807
OWNER SUR,OTC,79,2013,6,1808
RETURN,,1,2013,6,1809
RETURN,ADOPTION,9,2013,6,1810
RETURN,K HUMANE S,4,2013,6,1811
STRAY,FIELD,343,2013,6,1812
STRAY,OTC,309,2013,6,1813
CONFISCATE,ABANDONED,1,2013,7,1814
CONFISCATE,CHAINING,2,2013,7,1815
CONFISCATE,CRUELTY,3,2013,7,1816
CONFISCATE,EVICTION,11,2013,7,1817
CONFISCATE,NEGLECT,23,2013,7,1818
CONFISCATE,POTDANGER,1,2013,7,1819
CONFISCATE,RESTRAINT,2,2013,7,1820
RETURN,ADOPTION,9,2012,11,1821
RETURN,K HUMANE S,1,2012,11,1822
STRAY,,2,2012,11,1823
STRAY,FIELD,215,2012,11,1824
STRAY,OTC,196,2012,11,1825
CONFISCATE,ABANDONED,2,2012,12,1826
CONFISCATE,CHAINING,1,2012,12,1827
CONFISCATE,NEGLECT,11,2012,12,1828
CONFISCATE,POLICE,2,2012,12,1829
CONFISCATE,POTDANGER,2,2012,12,1830
CONFISCATE,RESTRAINT,1,2012,12,1831
DISPOSAL,,2,2012,12,1832
DISPOSAL,OTHER,5,2012,12,1833
DISPOSAL,OWNER,7,2012,12,1834
ET REQUEST,,1,2012,12,1835
ET REQUEST,AGGRESSIVE,8,2012,12,1836
DISPOSAL,OWNER,17,2013,8,1837
ET REQUEST,OLD,12,2012,12,1838
RETURN,ADOPTION,7,2013,1,1839
DISPOSAL,STRAY,2,2013,8,1840
STRAY,FIELD,239,2013,3,1841
DISPOSAL,WILDLIFE,1,2012,5,1842
ET REQUEST,SICK,12,2012,12,1843
RETURN,K HUMANE S,3,2013,1,1844
DISPOSAL,WILDLIFE,1,2013,8,1845
STRAY,OTC,134,2013,3,1846
ET REQUEST,,20,2012,5,1847
FOSTER,RETURN,47,2012,12,1848
STRAY,,1,2013,1,1849
ET REQUEST,,3,2013,8,1850
CONFISCATE,ABANDONED,1,2013,4,1851
ET REQUEST,AGGRESSIVE,10,2012,5,1852
OWNER SUR,EUTH REQ,9,2012,12,1853
STRAY,FIELD,237,2013,1,1854
ET REQUEST,AGGRESSIVE,5,2013,8,1855
CONFISCATE,CHAINING,1,2013,4,1856
ET REQUEST,OLD,10,2012,5,1857
OWNER SUR,FIELD,25,2012,12,1858
STRAY,OTC,206,2013,1,1859
ET REQUEST,OLD,11,2013,8,1860
CONFISCATE,CRUELTY,11,2013,4,1861
ET REQUEST,SICK,15,2012,5,1862
OWNER SUR,OTC,108,2012,12,1863
CONFISCATE,ABANDONED,2,2013,2,1864
ET REQUEST,SICK,8,2013,8,1865
CONFISCATE,HOSPITAL,1,2013,4,1866
FOSTER,RETURN,88,2012,5,1867
RETURN,,2,2012,12,1868
CONFISCATE,BITE,3,2013,2,1869
FOSTER,RETURN,78,2013,8,1870
CONFISCATE,NEGLECT,8,2013,4,1871
OWNER SUR,EUTH REQ,3,2012,5,1872
RETURN,ADOPTION,8,2012,12,1873
CONFISCATE,CHAINING,1,2013,2,1874
OWNER SUR,,1,2013,8,1875
CONFISCATE,POLICE,6,2013,4,1876
OWNER SUR,FIELD,56,2012,5,1877
CONFISCATE,CRUELTY,3,2013,2,1878
OWNER SUR,EUTH REQ,27,2013,8,1879
CONFISCATE,POTDANGER,1,2013,4,1880
OWNER SUR,OTC,145,2012,5,1881
CONFISCATE,DANGER DOG,1,2013,2,1882
OWNER SUR,FIELD,31,2013,8,1883
DISPOSAL,,1,2013,4,1884
RETURN,,1,2012,5,1885
CONFISCATE,NEGLECT,3,2013,2,1886
OWNER SUR,OTC,158,2013,8,1887
DISPOSAL,FIELD,1,2013,4,1888
RETURN,ADOPTION,20,2012,5,1889
CONFISCATE,POLICE,3,2013,2,1890
RETURN,ADOPTION,9,2013,8,1891
DISPOSAL,OTHER,2,2013,4,1892
STRAY,,4,2012,5,1893
CONFISCATE,RESTRAINT,2,2013,2,1894
RETURN,K HUMANE S,1,2013,8,1895
DISPOSAL,OWNER,2,2013,4,1896
STRAY,FIELD,318,2012,5,1897
DISPOSAL,,3,2013,2,1898
STRAY,,3,2013,8,1899
DISPOSAL,STRAY,2,2013,4,1900
STRAY,OTC,317,2012,5,1901
DISPOSAL,OTHER,2,2013,2,1902
STRAY,FIELD,427,2013,8,1903
ET REQUEST,,1,2013,4,1904
ET REQUEST,AGGRESSIVE,10,2013,4,1905
ET REQUEST,OLD,12,2013,4,1906
ET REQUEST,SICK,7,2013,4,1907
FOSTER,,6,2013,4,1908
FOSTER,RETURN,65,2013,4,1909
OWNER SUR,EUTH REQ,21,2013,4,1910
OWNER SUR,FIELD,21,2013,4,1911
OWNER SUR,OTC,137,2013,4,1912
RETURN,ADOPTION,12,2013,4,1913
RETURN,K HUMANE S,1,2013,4,1914
STRAY,,7,2013,4,1915
STRAY,FIELD,299,2013,4,1916
STRAY,OTC,192,2013,4,1917
CONFISCATE,ABANDONED,3,2013,5,1918
STRAY,OTC,307,2013,8,1919
CONFISCATE,ABANDONED,1,2013,9,1920
CONFISCATE,CRUELTY,5,2013,9,1921
CONFISCATE,NEGLECT,3,2013,9,1922
CONFISCATE,POLICE,3,2013,9,1923
CONFISCATE,POTDANGER,2,2013,9,1924
DISPOSAL,OWNER,1,2013,2,1925
ET REQUEST,AGGRESSIVE,4,2013,2,1926
ET REQUEST,OLD,24,2013,2,1927
ET REQUEST,SICK,9,2013,2,1928
FOSTER,RETURN,77,2013,2,1929
CONFISCATE,BITE,1,2012,6,1930
OWNER SUR,EUTH REQ,3,2013,2,1931
CONFISCATE,CHAINING,1,2012,6,1932
OWNER SUR,FIELD,48,2013,2,1933
CONFISCATE,CRUELTY,2,2012,6,1934
OWNER SUR,OTC,87,2013,2,1935
CONFISCATE,NEGLECT,2,2012,6,1936
RETURN,ADOPTION,8,2013,2,1937
CONFISCATE,OWNER DIED,1,2012,6,1938
STRAY,FIELD,245,2013,2,1939
CONFISCATE,RESTRAINT,3,2012,6,1940
STRAY,OTC,133,2013,2,1941
DISPOSAL,OWNER,2,2012,6,1942
CONFISCATE,BITE,1,2013,3,1943
ET REQUEST,,12,2012,6,1944
ET REQUEST,AGGRESSIVE,4,2012,6,1945
ET REQUEST,OLD,14,2012,6,1946
ET REQUEST,SICK,13,2012,6,1947
FOSTER,,1,2012,6,1948
FOSTER,RETURN,96,2012,6,1949
OWNER SUR,,1,2012,6,1950
RETURN,K HUMANE S,1,2012,8,1951
STRAY,,2,2012,8,1952
STRAY,FIELD,293,2012,8,1953
STRAY,OTC,271,2012,8,1954
CONFISCATE,ABANDONED,3,2012,9,1955
CONFISCATE,BITE,2,2012,9,1956
CONFISCATE,CHAINING,1,2012,9,1957
CONFISCATE,DANGER DOG,1,2012,9,1958
CONFISCATE,HOSPITAL,2,2012,9,1959
CONFISCATE,NEGLECT,2,2012,9,1960
CONFISCATE,POLICE,2,2012,9,1961
CONFISCATE,RESTRAINT,1,2012,9,1962
DISPOSAL,FIELD,1,2012,9,1963
DISPOSAL,OTHER,6,2012,9,1964
DISPOSAL,OWNER,1,2012,9,1965
ET REQUEST,,2,2012,9,1966
ET REQUEST,AGGRESSIVE,3,2012,9,1967
ET REQUEST,OLD,12,2012,9,1968
ET REQUEST,SICK,14,2012,9,1969
FOSTER,RETURN,56,2012,9,1970
OWNER SUR,,1,2012,9,1971
OWNER SUR,EUTH REQ,13,2012,9,1972
OWNER SUR,FIELD,22,2012,9,1973
OWNER SUR,OTC,161,2012,9,1974
RETURN,,1,2012,9,1975
RETURN,ADOPTION,12,2012,9,1976
STRAY,,3,2012,9,1977
STRAY,FIELD,299,2012,9,1978
STRAY,OTC,318,2012,9,1979
CONFISCATE,ABANDONED,2,2012,10,1980
CONFISCATE,BITE,3,2012,10,1981
CONFISCATE,COURT ORD,2,2012,10,1982
CONFISCATE,EVICTION,1,2012,10,1983
CONFISCATE,NEGLECT,5,2012,10,1984
CONFISCATE,POLICE,2,2012,10,1985
CONFISCATE,POTDANGER,2,2012,10,1986
CONFISCATE,RESTRAINT,3,2012,10,1987
DISPOSAL,,1,2012,10,1988
DISPOSAL,FIELD,2,2012,10,1989
DISPOSAL,OTHER,7,2012,10,1990
DISPOSAL,OWNER,5,2012,10,1991
DISPOSAL,STRAY,2,2012,10,1992
ET REQUEST,,1,2012,10,1993
ET REQUEST,AGGRESSIVE,3,2012,10,1994
ET REQUEST,OLD,13,2012,10,1995
ET REQUEST,SICK,14,2012,10,1996
FOSTER,RETURN,109,2012,10,1997
OWNER SUR,,2,2012,10,1998
OWNER SUR,EUTH REQ,4,2012,10,1999
OWNER SUR,FIELD,26,2012,10,2000
RETURN,,1,2014,1,2001
CONFISCATE,BITE,1,2014,11,2002
CONFISCATE,CHAINING,2,2014,11,2003
CONFISCATE,EVICTION,15,2014,11,2004
CONFISCATE,NEGLECT,1,2014,11,2005
CONFISCATE,POLICE,1,2014,11,2006
CONFISCATE,RESTRAINT,1,2014,11,2007
DISPOSAL,OWNER,11,2014,11,2008
DISPOSAL,STRAY,3,2014,11,2009
DISPOSAL,WILDLIFE,2,2014,11,2010
ET REQUEST,AGGRESSIVE,4,2014,11,2011
DISPOSAL,OWNER,8,2015,1,2012
CONFISCATE,POLICE,1,2014,4,2013
ET REQUEST,OLD,1,2014,11,2014
ET REQUEST,SICK,2,2014,11,2015
FOSTER,RETURN,82,2014,11,2016
OWNER SUR,EUTH REQ,38,2014,11,2017
OWNER SUR,FIELD,13,2014,11,2018
OWNER SUR,OTC,69,2014,11,2019
OWNER SUR,RETURN 30,12,2014,11,2020
RETURN,,2,2014,11,2021
RETURN,ADOPTION,10,2014,11,2022
RETURN,K HUMANE S,1,2014,11,2023
STRAY,,1,2014,11,2024
STRAY,FIELD,204,2014,11,2025
STRAY,OTC,216,2014,11,2026
CONFISCATE,,1,2014,12,2027
CONFISCATE,ABANDONED,1,2014,12,2028
CONFISCATE,CRUELTY,4,2014,12,2029
CONFISCATE,EVICTION,2,2014,12,2030
CONFISCATE,HOSPITAL,1,2014,12,2031
CONFISCATE,OWNER DIED,2,2014,12,2032
CONFISCATE,POLICE,1,2014,12,2033
CONFISCATE,RESTRAINT,2,2014,12,2034
DISPOSAL,FIELD,1,2014,12,2035
DISPOSAL,OWNER,7,2014,12,2036
DISPOSAL,STRAY,1,2014,12,2037
DISPOSAL,WILDLIFE,1,2014,12,2038
ET REQUEST,AGGRESSIVE,2,2014,12,2039
FOSTER,RETURN,57,2014,12,2040
OWNER SUR,EUTH REQ,38,2014,12,2041
OWNER SUR,FIELD,9,2014,12,2042
OWNER SUR,OTC,91,2014,12,2043
OWNER SUR,RETURN 30,13,2014,12,2044
RETURN,ADOPTION,11,2014,12,2045
RETURN,K HUMANE S,3,2014,12,2046
STRAY,FIELD,211,2014,12,2047
STRAY,OTC,154,2014,12,2048
CONFISCATE,ABANDONED,7,2015,1,2049
CONFISCATE,NEGLECT,1,2015,1,2050
CONFISCATE,POTDANGER,2,2015,1,2051
CONFISCATE,RESTRAINT,1,2015,1,2052
DISPOSAL,FIELD,6,2015,1,2053
FOSTER,RETURN,64,2014,6,2054
RETURN,ADOPTION,20,2014,1,2055
OWNER SUR,OTC,120,2014,8,2056
ET REQUEST,OLD,13,2013,11,2057
DISPOSAL,FIELD,2,2014,4,2058
OWNER SUR,RETURN 30,6,2014,8,2059
STRAY,FIELD,229,2014,1,2060
DISPOSAL,OWNER,8,2014,4,2061
RETURN,,1,2014,8,2062
OWNER SUR,EUTH REQ,43,2014,6,2063
STRAY,OTC,152,2014,1,2064
DISPOSAL,STRAY,1,2015,1,2065
DISPOSAL,STRAY,7,2014,4,2066
RETURN,ADOPTION,3,2014,8,2067
OWNER SUR,FIELD,56,2014,6,2068
CONFISCATE,,1,2014,2,2069
ET REQUEST,SICK,23,2013,11,2070
ET REQUEST,AGGRESSIVE,2,2015,1,2071
ET REQUEST,AGGRESSIVE,2,2014,4,2072
RETURN,K HUMANE S,3,2014,8,2073
OWNER SUR,OTC,183,2014,6,2074
CONFISCATE,ABANDONED,1,2014,2,2075
FOSTER,RETURN,58,2013,11,2076
ET REQUEST,OLD,1,2015,1,2077
ET REQUEST,OLD,1,2014,4,2078
STRAY,FIELD,313,2014,8,2079
OWNER SUR,RETURN 30,1,2014,6,2080
CONFISCATE,NEGLECT,1,2014,2,2081
OWNER SUR,,8,2013,11,2082
FOSTER,RETURN,68,2015,1,2083
ET REQUEST,SICK,2,2014,4,2084
STRAY,OTC,269,2014,8,2085
RETURN,,21,2014,6,2086
CONFISCATE,POLICE,1,2014,2,2087
OWNER SUR,EUTH REQ,24,2013,11,2088
OWNER SUR,EUTH REQ,46,2015,1,2089
FOSTER,,1,2014,4,2090
CONFISCATE,ABANDONED,5,2014,9,2091
RETURN,ADOPTION,9,2014,6,2092
DISPOSAL,FIELD,1,2014,2,2093
OWNER SUR,FIELD,7,2013,11,2094
OWNER SUR,FIELD,80,2015,1,2095
FOSTER,RETURN,51,2014,4,2096
CONFISCATE,BITE,2,2014,9,2097
RETURN,K HUMANE S,2,2014,6,2098
DISPOSAL,OTHER,4,2014,2,2099
OWNER SUR,OTC,107,2013,11,2100
OWNER SUR,OTC,103,2015,1,2101
OWNER SUR,,11,2014,4,2102
CONFISCATE,EVICTION,7,2014,9,2103
STRAY,FIELD,235,2014,6,2104
DISPOSAL,OWNER,18,2014,2,2105
RETURN,ADOPTION,13,2013,11,2106
OWNER SUR,RETURN 30,12,2015,1,2107
OWNER SUR,EUTH REQ,44,2014,4,2108
CONFISCATE,NEGLECT,7,2014,9,2109
STRAY,OTC,291,2014,6,2110
DISPOSAL,STRAY,1,2014,2,2111
RETURN,K HUMANE S,7,2013,11,2112
RETURN,,1,2015,1,2113
OWNER SUR,FIELD,23,2014,4,2114
CONFISCATE,RESTRAINT,3,2014,9,2115
CONFISCATE,ABANDONED,4,2014,7,2116
DISPOSAL,WILDLIFE,1,2014,2,2117
STRAY,FIELD,290,2013,11,2118
RETURN,ADOPTION,11,2015,1,2119
OWNER SUR,OTC,101,2014,4,2120
DISPOSAL,FIELD,1,2014,9,2121
CONFISCATE,BITE,1,2014,7,2122
ET REQUEST,AGGRESSIVE,7,2014,2,2123
STRAY,OTC,200,2013,11,2124
RETURN,K HUMANE S,1,2015,1,2125
RETURN,ADOPTION,17,2014,4,2126
DISPOSAL,OWNER,15,2014,9,2127
CONFISCATE,CRUELTY,6,2014,7,2128
CONFISCATE,DANGER DOG,1,2014,7,2129
CONFISCATE,EVICTION,1,2014,7,2130
CONFISCATE,NEGLECT,3,2014,7,2131
CONFISCATE,POLICE,1,2014,7,2132
CONFISCATE,RESTRAINT,4,2014,7,2133
DISPOSAL,OWNER,18,2014,7,2134
DISPOSAL,STRAY,2,2014,7,2135
DISPOSAL,WILDLIFE,1,2014,7,2136
ET REQUEST,,2,2014,7,2137
ET REQUEST,AGGRESSIVE,3,2014,7,2138
ET REQUEST,SICK,3,2014,7,2139
FOSTER,RETURN,95,2014,7,2140
OWNER SUR,EUTH REQ,58,2014,7,2141
OWNER SUR,FIELD,63,2014,7,2142
OWNER SUR,OTC,139,2014,7,2143
OWNER SUR,RETURN 30,3,2014,7,2144
RETURN,,2,2014,7,2145
RETURN,ADOPTION,18,2014,7,2146
RETURN,K HUMANE S,3,2014,7,2147
STRAY,FIELD,329,2014,7,2148
STRAY,OTC,267,2014,7,2149
CONFISCATE,ABANDONED,1,2014,8,2150
CONFISCATE,BITE,4,2014,8,2151
CONFISCATE,CHAINING,1,2014,8,2152
CONFISCATE,NEGLECT,1,2014,8,2153
CONFISCATE,POLICE,2,2014,8,2154
DISPOSAL,FIELD,1,2014,8,2155
DISPOSAL,OTHER,5,2014,8,2156
DISPOSAL,OWNER,14,2014,8,2157
DISPOSAL,STRAY,8,2014,8,2158
ET REQUEST,AGGRESSIVE,3,2014,8,2159
ET REQUEST,OLD,1,2014,8,2160
ET REQUEST,SICK,1,2014,8,2161
FOSTER,RETURN,74,2014,8,2162
OWNER SUR,,3,2014,8,2163
OWNER SUR,EUTH REQ,51,2014,8,2164
OWNER SUR,FIELD,17,2014,8,2165
ET REQUEST,OLD,8,2014,2,2166
CONFISCATE,ABANDONED,2,2013,12,2167
RETURN,K HUMANE S,2,2014,4,2168
ET REQUEST,SICK,6,2014,2,2169
DISPOSAL,STRAY,2,2014,9,2170
CONFISCATE,BITE,1,2013,12,2171
STRAY,FIELD,214,2014,4,2172
FOSTER,RETURN,60,2014,2,2173
ET REQUEST,OLD,2,2014,9,2174
CONFISCATE,CRUELTY,4,2013,12,2175
STRAY,OTC,173,2014,4,2176
OWNER SUR,EUTH REQ,23,2014,2,2177
STRAY,FIELD,203,2015,1,2178
ET REQUEST,SICK,1,2014,9,2179
CONFISCATE,DANGER DOG,1,2013,12,2180
CONFISCATE,,1,2014,5,2181
OWNER SUR,FIELD,14,2014,2,2182
STRAY,OTC,157,2015,1,2183
FOSTER,RETURN,73,2014,9,2184
CONFISCATE,POLICE,12,2013,12,2185
CONFISCATE,BITE,1,2014,5,2186
OWNER SUR,OTC,93,2014,2,2187
CONFISCATE,,1,2015,2,2188
OWNER SUR,EUTH REQ,46,2014,9,2189
DISPOSAL,FIELD,3,2013,12,2190
CONFISCATE,CRUELTY,1,2014,5,2191
RETURN,ADOPTION,15,2014,2,2192
CONFISCATE,ABANDONED,5,2015,2,2193
OWNER SUR,FIELD,12,2014,9,2194
DISPOSAL,OWNER,20,2013,12,2195
CONFISCATE,NEGLECT,2,2014,5,2196
RETURN,K HUMANE S,2,2014,2,2197
CONFISCATE,CRUELTY,1,2015,2,2198
OWNER SUR,OTC,153,2014,9,2199
DISPOSAL,STRAY,2,2013,12,2200
CONFISCATE,POLICE,3,2014,5,2201
STRAY,FIELD,179,2014,2,2202
CONFISCATE,EVICTION,4,2015,2,2203
OWNER SUR,RETURN 30,8,2014,9,2204
ET REQUEST,,1,2013,12,2205
DISPOSAL,FIELD,1,2014,5,2206
STRAY,OTC,149,2014,2,2207
CONFISCATE,HOSPITAL,2,2015,2,2208
RETURN,,5,2014,9,2209
ET REQUEST,AGGRESSIVE,2,2013,12,2210
DISPOSAL,OTHER,1,2014,5,2211
CONFISCATE,,1,2014,3,2212
CONFISCATE,NEGLECT,1,2015,2,2213
RETURN,ADOPTION,4,2014,9,2214
ET REQUEST,OLD,18,2013,12,2215
DISPOSAL,OWNER,7,2014,5,2216
CONFISCATE,CHAINING,2,2014,3,2217
CONFISCATE,POLICE,10,2015,2,2218
RETURN,K HUMANE S,6,2014,9,2219
ET REQUEST,SICK,12,2013,12,2220
DISPOSAL,STRAY,3,2014,5,2221
CONFISCATE,CRUELTY,1,2014,3,2222
DISPOSAL,,1,2015,2,2223
STRAY,FIELD,274,2014,9,2224
FOSTER,RETURN,63,2013,12,2225
DISPOSAL,WILDLIFE,1,2014,5,2226
CONFISCATE,DANGER DOG,2,2014,3,2227
DISPOSAL,OWNER,17,2015,2,2228
STRAY,OTC,280,2014,9,2229
OWNER SUR,,1,2013,12,2230
ET REQUEST,AGGRESSIVE,1,2014,5,2231
CONFISCATE,EVICTION,2,2014,3,2232
DISPOSAL,STRAY,4,2015,2,2233
CONFISCATE,CHAINING,1,2014,10,2234
OWNER SUR,EUTH REQ,20,2013,12,2235
ET REQUEST,SICK,2,2014,5,2236
CONFISCATE,NEGLECT,1,2014,3,2237
DISPOSAL,FIELD,5,2014,3,2238
DISPOSAL,OWNER,10,2014,3,2239
DISPOSAL,STRAY,1,2014,3,2240
DISPOSAL,WILDLIFE,1,2014,3,2241
ET REQUEST,,3,2014,3,2242
ET REQUEST,AGGRESSIVE,3,2014,3,2243
ET REQUEST,OLD,6,2014,3,2244
ET REQUEST,SICK,5,2014,3,2245
FOSTER,RETURN,43,2014,3,2246
OWNER SUR,EUTH REQ,50,2014,3,2247
OWNER SUR,FIELD,7,2014,3,2248
OWNER SUR,OTC,117,2014,3,2249
RETURN,ADOPTION,11,2014,3,2250
RETURN,K HUMANE S,1,2014,3,2251
STRAY,,1,2014,3,2252
STRAY,FIELD,187,2014,3,2253
STRAY,OTC,189,2014,3,2254
CONFISCATE,ABANDONED,1,2014,4,2255
CONFISCATE,BITE,1,2014,4,2256
CONFISCATE,NEGLECT,1,2014,4,2257
OWNER SUR,FIELD,13,2013,12,2258
FOSTER,RETURN,81,2014,5,2259
OWNER SUR,EUTH REQ,42,2014,5,2260
OWNER SUR,OTC,85,2013,12,2261
DISPOSAL,WILDLIFE,1,2015,2,2262
OWNER SUR,FIELD,114,2014,5,2263
RETURN,ADOPTION,14,2013,12,2264
ET REQUEST,SICK,3,2015,2,2265
OWNER SUR,OTC,144,2014,5,2266
CONFISCATE,EVICTION,2,2014,10,2267
RETURN,K HUMANE S,1,2013,12,2268
FOSTER,RETURN,44,2015,2,2269
OWNER SUR,RETURN 30,1,2014,5,2270
CONFISCATE,NEGLECT,20,2014,10,2271
STRAY,,1,2013,12,2272
OWNER SUR,EUTH REQ,31,2015,2,2273
RETURN,ADOPTION,17,2014,5,2274
CONFISCATE,POLICE,4,2014,10,2275
STRAY,FIELD,243,2013,12,2276
OWNER SUR,FIELD,29,2015,2,2277
STRAY,FIELD,237,2014,5,2278
DISPOSAL,OTHER,1,2014,10,2279
STRAY,OTC,172,2013,12,2280
OWNER SUR,OTC,74,2015,2,2281
STRAY,OTC,207,2014,5,2282
DISPOSAL,OWNER,16,2014,10,2283
CONFISCATE,,1,2014,1,2284
OWNER SUR,RETURN 30,3,2015,2,2285
CONFISCATE,ABANDONED,8,2014,6,2286
DISPOSAL,STRAY,4,2014,10,2287
CONFISCATE,ABANDONED,1,2014,1,2288
RETURN,ADOPTION,11,2015,2,2289
CONFISCATE,CRUELTY,16,2014,6,2290
ET REQUEST,AGGRESSIVE,1,2014,10,2291
CONFISCATE,BITE,1,2014,1,2292
RETURN,K HUMANE S,4,2015,2,2293
CONFISCATE,NEGLECT,11,2014,6,2294
ET REQUEST,OLD,1,2014,10,2295
CONFISCATE,CRUELTY,2,2014,1,2296
STRAY,FIELD,178,2015,2,2297
CONFISCATE,OWNER DIED,2,2014,6,2298
ET REQUEST,SICK,1,2014,10,2299
CONFISCATE,HOSPITAL,1,2014,1,2300
STRAY,OTC,147,2015,2,2301
CONFISCATE,POLICE,3,2014,6,2302
FOSTER,,2,2014,10,2303
CONFISCATE,NEGLECT,4,2014,1,2304
CONFISCATE,ABANDONED,2,2015,3,2305
DISPOSAL,FIELD,1,2014,6,2306
FOSTER,RETURN,72,2014,10,2307
CONFISCATE,POLICE,1,2014,1,2308
CONFISCATE,BITE,1,2015,3,2309
DISPOSAL,OTHER,1,2014,6,2310
OWNER SUR,,1,2014,10,2311
DISPOSAL,FIELD,2,2014,1,2312
CONFISCATE,COURT ORD,1,2015,3,2313
DISPOSAL,OWNER,17,2014,6,2314
OWNER SUR,EUTH REQ,40,2014,10,2315
DISPOSAL,OWNER,24,2014,1,2316
CONFISCATE,CRUELTY,7,2015,3,2317
DISPOSAL,STRAY,1,2014,6,2318
OWNER SUR,FIELD,23,2014,10,2319
DISPOSAL,STRAY,1,2014,1,2320
CONFISCATE,EVICTION,2,2015,3,2321
DISPOSAL,WILDLIFE,1,2014,6,2322
OWNER SUR,OTC,139,2014,10,2323
ET REQUEST,AGGRESSIVE,5,2014,1,2324
CONFISCATE,NEGLECT,2,2015,3,2325
ET REQUEST,AGGRESSIVE,1,2014,6,2326
OWNER SUR,RETURN 30,10,2014,10,2327
ET REQUEST,OLD,13,2014,1,2328
CONFISCATE,POLICE,1,2015,3,2329
ET REQUEST,OLD,1,2014,6,2330
RETURN,,2,2014,10,2331
ET REQUEST,SICK,4,2014,1,2332
CONFISCATE,POTDANGER,4,2015,3,2333
ET REQUEST,SICK,1,2014,6,2334
RETURN,ADOPTION,6,2014,10,2335
FOSTER,RETURN,41,2014,1,2336
DISPOSAL,OWNER,12,2015,3,2337
RETURN,K HUMANE S,1,2014,10,2338
OWNER SUR,EUTH REQ,18,2014,1,2339
DISPOSAL,STRAY,3,2015,3,2340
STRAY,FIELD,250,2014,10,2341
OWNER SUR,FIELD,15,2014,1,2342
DISPOSAL,WILDLIFE,1,2015,3,2343
STRAY,OTC,263,2014,10,2344
OWNER SUR,OTC,76,2014,1,2345
CONFISCATE,ABANDONED,2,2014,11,2346
ET REQUEST,,1,2015,3,2347
ET REQUEST,AGGRESSIVE,1,2015,3,2348
ET REQUEST,SICK,2,2015,3,2349
FOSTER,,1,2015,3,2350
DISPOSAL,,1,2013,9,2351
DISPOSAL,FIELD,1,2013,9,2352
DISPOSAL,OWNER,14,2013,9,2353
DISPOSAL,STRAY,7,2013,9,2354
ET REQUEST,,3,2013,9,2355
ET REQUEST,AGGRESSIVE,7,2013,9,2356
ET REQUEST,OLD,19,2013,9,2357
ET REQUEST,SICK,8,2013,9,2358
FOSTER,RETURN,65,2013,9,2359
OWNER SUR,,1,2013,9,2360
OWNER SUR,EUTH REQ,22,2013,9,2361
OWNER SUR,FIELD,20,2013,9,2362
OWNER SUR,OTC,129,2013,9,2363
RETURN,,2,2013,9,2364
RETURN,ADOPTION,9,2013,9,2365
RETURN,K HUMANE S,1,2013,9,2366
STRAY,,1,2013,9,2367
STRAY,FIELD,325,2013,9,2368
STRAY,OTC,291,2013,9,2369
CONFISCATE,CHAINING,4,2013,10,2370
CONFISCATE,CRUELTY,34,2013,10,2371
CONFISCATE,NEGLECT,3,2013,10,2372
CONFISCATE,POLICE,8,2013,10,2373
DISPOSAL,FIELD,2,2013,10,2374
DISPOSAL,OTHER,1,2013,10,2375
DISPOSAL,OWNER,9,2013,10,2376
DISPOSAL,STRAY,5,2013,10,2377
DISPOSAL,WILDLIFE,1,2013,10,2378
ET REQUEST,AGGRESSIVE,5,2013,10,2379
ET REQUEST,OLD,22,2013,10,2380
ET REQUEST,SICK,7,2013,10,2381
EVACUEE,,3,2013,10,2382
FOSTER,RETURN,79,2013,10,2383
OWNER SUR,EUTH REQ,27,2013,10,2384
OWNER SUR,FIELD,48,2013,10,2385
OWNER SUR,OTC,111,2013,10,2386
RETURN,ADOPTION,8,2013,10,2387
STRAY,,1,2013,10,2388
STRAY,FIELD,309,2013,10,2389
STRAY,OTC,343,2013,10,2390
CONFISCATE,,7,2013,11,2391
CONFISCATE,EVICTION,1,2013,11,2392
CONFISCATE,NEGLECT,4,2013,11,2393
CONFISCATE,POLICE,1,2013,11,2394
CONFISCATE,POTDANGER,2,2013,11,2395
CONFISCATE,RESTRAINT,4,2013,11,2396
DISPOSAL,OTHER,1,2013,11,2397
DISPOSAL,OWNER,16,2013,11,2398
DISPOSAL,STRAY,1,2013,11,2399
ET REQUEST,AGGRESSIVE,8,2013,11,2400
CONFISCATE,NEGLECT,5,2015,8,2401
DISPOSAL,OTHER,1,2015,8,2402
DISPOSAL,OWNER,8,2015,8,2403
DISPOSAL,STRAY,2,2015,8,2404
ET REQUEST,,20,2015,8,2405
ET REQUEST,AGGRESSIVE,1,2015,8,2406
ET REQUEST,SICK,3,2015,8,2407
FOSTER,RETURN,60,2015,8,2408
OWNER SUR,EUTH REQ,52,2015,8,2409
OWNER SUR,FIELD,35,2015,8,2410
OWNER SUR,OTC,109,2015,8,2411
OWNER SUR,RETURN 30,7,2015,8,2412
RETURN,ADOPTION,7,2015,8,2413
STRAY,FIELD,253,2015,8,2414
STRAY,OTC,319,2015,8,2415
CONFISCATE,ABANDONED,4,2015,9,2416
CONFISCATE,BITE,1,2015,9,2417
CONFISCATE,CRUELTY,4,2015,9,2418
CONFISCATE,EVICTION,1,2015,9,2419
CONFISCATE,OWNER DIED,3,2015,9,2420
CONFISCATE,POLICE,1,2015,9,2421
CONFISCATE,RESTRAINT,3,2015,9,2422
DISPOSAL,FIELD,1,2015,9,2423
DISPOSAL,OWNER,13,2015,9,2424
DISPOSAL,STRAY,1,2015,9,2425
DISPOSAL,WILDLIFE,1,2015,9,2426
ET REQUEST,,1,2015,9,2427
ET REQUEST,AGGRESSIVE,1,2015,9,2428
ET REQUEST,OLD,2,2015,9,2429
ET REQUEST,SICK,2,2015,9,2430
FOSTER,RETURN,62,2015,9,2431
OWNER SUR,,1,2015,9,2432
OWNER SUR,EUTH REQ,55,2015,9,2433
OWNER SUR,FIELD,9,2015,9,2434
OWNER SUR,OTC,62,2015,9,2435
OWNER SUR,RETURN 30,12,2015,9,2436
RETURN,,2,2015,9,2437
RETURN,ADOPTION,10,2015,9,2438
STRAY,,2,2015,9,2439
STRAY,FIELD,173,2015,9,2440
STRAY,OTC,243,2015,9,2441
CONFISCATE,ABANDONED,1,2015,10,2442
CONFISCATE,CHAINING,2,2015,10,2443
CONFISCATE,CRUELTY,15,2015,10,2444
CONFISCATE,EVICTION,8,2015,10,2445
CONFISCATE,HOSPITAL,2,2015,10,2446
CONFISCATE,NEGLECT,3,2015,6,2447
CONFISCATE,NEGLECT,45,2015,10,2448
CONFISCATE,POLICE,3,2015,10,2449
CONFISCATE,POTDANGER,2,2015,10,2450
CONFISCATE,POLICE,6,2015,6,2451
ET REQUEST,SICK,1,2016,5,2452
CONFISCATE,RESTRAINT,2,2015,10,2453
DISPOSAL,OTHER,1,2015,6,2454
OWNER SUR,OTC,126,2016,7,2455
FOSTER,RETURN,49,2016,5,2456
CONFISCATE,UNPERMITED,4,2015,10,2457
OWNER SUR,FIELD,6,2015,12,2458
CONFISCATE,CRUELTY,1,2016,3,2459
OWNER SUR,EUTH REQ,45,2016,5,2460
DISPOSAL,OWNER,11,2015,6,2461
CONFISCATE,EVICTION,1,2016,3,2462
OWNER SUR,OTC,60,2015,12,2463
OWNER SUR,FIELD,15,2016,5,2464
DISPOSAL,FIELD,2,2015,10,2465
DISPOSAL,STRAY,8,2015,6,2466
CONFISCATE,HOSPITAL,3,2016,3,2467
OWNER SUR,RETURN 30,12,2015,12,2468
OWNER SUR,OTC,77,2016,5,2469
DISPOSAL,OTHER,1,2015,10,2470
OWNER SUR,RETURN 30,12,2016,7,2471
DISPOSAL,WILDLIFE,1,2015,6,2472
CONFISCATE,NEGLECT,31,2016,3,2473
RETURN,ADOPTION,19,2015,12,2474
OWNER SUR,RETURN 30,13,2016,5,2475
DISPOSAL,OWNER,15,2015,10,2476
RETURN,ADOPTION,12,2016,7,2477
ET REQUEST,,3,2015,6,2478
CONFISCATE,POLICE,2,2016,3,2479
RETURN,K HUMANE S,2,2015,12,2480
RETURN,ADOPTION,22,2016,5,2481
DISPOSAL,STRAY,1,2015,10,2482
STRAY,FIELD,188,2016,7,2483
ET REQUEST,AGGRESSIVE,4,2015,6,2484
CONFISCATE,POTDANGER,1,2016,3,2485
STRAY,,1,2015,12,2486
RETURN,K HUMANE S,1,2016,5,2487
ET REQUEST,AGGRESSIVE,4,2015,10,2488
STRAY,OTC,293,2016,7,2489
ET REQUEST,OLD,1,2015,6,2490
CONFISCATE,RESTRAINT,6,2016,3,2491
STRAY,FIELD,156,2015,12,2492
STRAY,,2,2016,5,2493
ET REQUEST,SICK,1,2015,10,2494
CONFISCATE,ABANDONED,1,2016,8,2495
FOR TRANSP,K HUMANE S,3,2015,6,2496
DISPOSAL,FIELD,2,2016,3,2497
STRAY,OTC,166,2015,12,2498
STRAY,FIELD,219,2016,5,2499
FOSTER,RETURN,78,2015,10,2500
CONFISCATE,BITE,3,2016,8,2501
FOSTER,RETURN,64,2015,6,2502
DISPOSAL,OWNER,11,2016,3,2503
CONFISCATE,HOSPITAL,1,2016,1,2504
STRAY,OTC,258,2016,5,2505
OWNER SUR,EUTH REQ,46,2015,10,2506
CONFISCATE,CRUELTY,11,2016,8,2507
OWNER SUR,,8,2015,6,2508
DISPOSAL,STRAY,3,2016,3,2509
CONFISCATE,NEGLECT,3,2016,1,2510
CONFISCATE,ABANDONED,1,2016,6,2511
OWNER SUR,FIELD,80,2015,10,2512
CONFISCATE,EVICTION,1,2016,8,2513
OWNER SUR,EUTH REQ,35,2015,6,2514
ET REQUEST,AGGRESSIVE,4,2016,3,2515
CONFISCATE,POLICE,3,2016,1,2516
CONFISCATE,BITE,4,2016,6,2517
OWNER SUR,OTC,83,2015,10,2518
CONFISCATE,POLICE,2,2016,8,2519
OWNER SUR,FIELD,55,2015,6,2520
ET REQUEST,OLD,3,2016,3,2521
CONFISCATE,POTDANGER,4,2016,1,2522
CONFISCATE,CRUELTY,4,2016,6,2523
OWNER SUR,RETURN 30,6,2015,10,2524
DISPOSAL,FIELD,1,2016,8,2525
OWNER SUR,OTC,129,2015,6,2526
ET REQUEST,SICK,1,2016,3,2527
CONFISCATE,RESTRAINT,6,2016,1,2528
CONFISCATE,DANGER DOG,4,2016,6,2529
RETURN,,3,2015,10,2530
DISPOSAL,OWNER,7,2016,8,2531
OWNER SUR,RETURN 30,8,2015,6,2532
FOSTER,RETURN,56,2016,3,2533
DISPOSAL,FIELD,1,2016,1,2534
CONFISCATE,NEGLECT,3,2016,6,2535
RETURN,ADOPTION,22,2015,10,2536
DISPOSAL,STRAY,3,2016,8,2537
RETURN,,1,2015,6,2538
OWNER SUR,EUTH REQ,35,2016,3,2539
DISPOSAL,OTHER,3,2016,1,2540
CONFISCATE,POLICE,3,2016,6,2541
STRAY,,1,2015,10,2542
DISPOSAL,WILDLIFE,1,2016,8,2543
RETURN,ADOPTION,12,2015,6,2544
OWNER SUR,FIELD,21,2016,3,2545
DISPOSAL,OWNER,9,2016,1,2546
CONFISCATE,POTDANGER,1,2016,6,2547
STRAY,FIELD,172,2015,10,2548
ET REQUEST,AGGRESSIVE,1,2016,8,2549
RETURN,K HUMANE S,5,2015,6,2550
OWNER SUR,OTC,92,2016,3,2551
DISPOSAL,STRAY,1,2016,1,2552
CONFISCATE,RESTRAINT,3,2016,6,2553
STRAY,OTC,321,2015,10,2554
ET REQUEST,OLD,3,2016,8,2555
STRAY,,2,2015,6,2556
OWNER SUR,RETURN 30,23,2016,3,2557
ET REQUEST,AGGRESSIVE,1,2016,1,2558
DISPOSAL,FIELD,3,2016,6,2559
CONFISCATE,ABANDONED,2,2015,11,2560
ET REQUEST,SICK,2,2016,8,2561
STRAY,FIELD,248,2015,6,2562
RETURN,ADOPTION,17,2016,3,2563
ET REQUEST,OLD,1,2016,1,2564
DISPOSAL,OWNER,12,2016,6,2565
CONFISCATE,BITE,2,2015,11,2566
FOSTER,RETURN,54,2016,8,2567
STRAY,OTC,289,2015,6,2568
RETURN,K HUMANE S,1,2016,3,2569
STRAY,FIELD,129,2016,3,2570
STRAY,OTC,217,2016,3,2571
CONFISCATE,ABANDONED,5,2016,4,2572
CONFISCATE,BITE,3,2016,4,2573
CONFISCATE,COURT ORD,3,2016,4,2574
CONFISCATE,CRUELTY,4,2016,4,2575
CONFISCATE,NEGLECT,1,2016,4,2576
CONFISCATE,POLICE,15,2016,4,2577
DISPOSAL,FIELD,2,2016,4,2578
DISPOSAL,OWNER,9,2016,4,2579
DISPOSAL,STRAY,4,2016,4,2580
ET REQUEST,SICK,1,2016,4,2581
FOSTER,RETURN,44,2016,4,2582
OWNER SUR,EUTH REQ,33,2016,4,2583
OWNER SUR,FIELD,12,2016,4,2584
OWNER SUR,OTC,78,2016,4,2585
OWNER SUR,RETURN 30,12,2016,4,2586
RETURN,ADOPTION,10,2016,4,2587
STRAY,,1,2016,4,2588
STRAY,FIELD,149,2016,4,2589
STRAY,OTC,213,2016,4,2590
CONFISCATE,,1,2016,5,2591
CONFISCATE,EVICTION,17,2016,5,2592
CONFISCATE,NEGLECT,1,2016,5,2593
CONFISCATE,POLICE,1,2016,5,2594
CONFISCATE,RESTRAINT,1,2016,5,2595
DISPOSAL,FIELD,1,2016,5,2596
DISPOSAL,OWNER,9,2016,5,2597
DISPOSAL,STRAY,1,2016,5,2598
ET REQUEST,AGGRESSIVE,1,2016,5,2599
CONFISCATE,CRUELTY,1,2015,11,2600
CONFISCATE,BITE,1,2015,7,2601
CONFISCATE,EVICTION,7,2015,11,2602
DISPOSAL,STRAY,2,2016,6,2603
CONFISCATE,CRUELTY,4,2015,7,2604
FOSTER,RETURN,44,2015,3,2605
CONFISCATE,NEGLECT,12,2015,11,2606
ET REQUEST,,1,2016,6,2607
CONFISCATE,NEGLECT,4,2015,7,2608
CONFISCATE,RESTRAINT,5,2015,11,2609
OWNER SUR,EUTH REQ,36,2015,3,2610
ET REQUEST,AGGRESSIVE,1,2016,6,2611
CONFISCATE,POLICE,5,2015,7,2612
ET REQUEST,SICK,1,2016,1,2613
DISPOSAL,FIELD,1,2015,11,2614
OWNER SUR,EUTH REQ,36,2016,8,2615
OWNER SUR,FIELD,8,2015,3,2616
ET REQUEST,OLD,2,2016,6,2617
CONFISCATE,POTDANGER,3,2015,7,2618
FOSTER,RETURN,47,2016,1,2619
DISPOSAL,OWNER,13,2015,11,2620
OWNER SUR,FIELD,14,2016,8,2621
OWNER SUR,OTC,103,2015,3,2622
FOR TRANSP,RESCUE GRP,1,2016,6,2623
DISPOSAL,FIELD,1,2015,7,2624
OWNER SUR,EUTH REQ,20,2016,1,2625
DISPOSAL,STRAY,2,2015,11,2626
OWNER SUR,OTC,134,2016,8,2627
OWNER SUR,RETURN 30,3,2015,3,2628
FOSTER,RETURN,37,2016,6,2629
DISPOSAL,OTHER,2,2015,7,2630
OWNER SUR,FIELD,11,2016,1,2631
ET REQUEST,AGGRESSIVE,1,2015,11,2632
OWNER SUR,RETURN 30,17,2016,8,2633
RETURN,,2,2015,3,2634
OWNER SUR,EUTH REQ,53,2016,6,2635
DISPOSAL,OWNER,10,2015,7,2636
OWNER SUR,OTC,59,2016,1,2637
ET REQUEST,SICK,1,2015,11,2638
RETURN,ADOPTION,4,2016,8,2639
RETURN,ADOPTION,9,2015,3,2640
OWNER SUR,FIELD,30,2016,6,2641
DISPOSAL,STRAY,10,2015,7,2642
OWNER SUR,RETURN 30,10,2016,1,2643
FOSTER,RETURN,61,2015,11,2644
STRAY,,2,2016,8,2645
RETURN,K HUMANE S,2,2015,3,2646
OWNER SUR,OTC,129,2016,6,2647
ET REQUEST,AGGRESSIVE,3,2015,7,2648
RETURN,,1,2016,1,2649
OWNER SUR,EUTH REQ,46,2015,11,2650
STRAY,FIELD,219,2016,8,2651
STRAY,,1,2015,3,2652
OWNER SUR,RETURN 30,16,2016,6,2653
ET REQUEST,SICK,2,2015,7,2654
RETURN,ADOPTION,7,2016,1,2655
OWNER SUR,FIELD,3,2015,11,2656
STRAY,OTC,331,2016,8,2657
STRAY,FIELD,195,2015,3,2658
RETURN,ADOPTION,16,2016,6,2659
FOSTER,,1,2015,7,2660
RETURN,K HUMANE S,4,2016,1,2661
OWNER SUR,OTC,89,2015,11,2662
CONFISCATE,,4,2016,9,2663
STRAY,OTC,188,2015,3,2664
STRAY,FIELD,197,2016,6,2665
FOSTER,RETURN,52,2015,7,2666
STRAY,FIELD,164,2016,1,2667
OWNER SUR,RETURN 30,14,2015,11,2668
CONFISCATE,ABANDONED,6,2016,9,2669
CONFISCATE,BITE,1,2015,4,2670
STRAY,OTC,311,2016,6,2671
OWNER SUR,EUTH REQ,55,2015,7,2672
STRAY,OTC,148,2016,1,2673
RETURN,ADOPTION,16,2015,11,2674
CONFISCATE,BITE,2,2016,9,2675
CONFISCATE,CHAINING,1,2015,4,2676
CONFISCATE,BITE,1,2016,7,2677
OWNER SUR,FIELD,10,2015,7,2678
CONFISCATE,ABANDONED,1,2016,2,2679
RETURN,K HUMANE S,1,2015,11,2680
STRAY,FIELD,136,2015,11,2681
STRAY,OTC,222,2015,11,2682
CONFISCATE,ABANDONED,4,2015,12,2683
CONFISCATE,HOSPITAL,1,2015,12,2684
CONFISCATE,NEGLECT,6,2015,12,2685
CONFISCATE,OWNER DIED,4,2015,12,2686
CONFISCATE,POLICE,6,2015,12,2687
DISPOSAL,FIELD,2,2015,12,2688
DISPOSAL,OWNER,10,2015,12,2689
DISPOSAL,STRAY,2,2015,12,2690
ET REQUEST,AGGRESSIVE,1,2015,12,2691
ET REQUEST,OLD,1,2015,12,2692
ET REQUEST,SICK,2,2015,12,2693
FOSTER,RETURN,51,2015,12,2694
OWNER SUR,EUTH REQ,42,2015,12,2695
CONFISCATE,COURT ORD,2,2016,9,2696
CONFISCATE,CRUELTY,14,2016,9,2697
CONFISCATE,HOSPITAL,1,2016,9,2698
CONFISCATE,NEGLECT,7,2016,9,2699
CONFISCATE,OWNER DIED,1,2016,9,2700
CONFISCATE,POLICE,1,2016,9,2701
DISPOSAL,FIELD,1,2016,9,2702
DISPOSAL,OTHER,1,2016,9,2703
DISPOSAL,OWNER,7,2016,9,2704
DISPOSAL,STRAY,4,2016,9,2705
ET REQUEST,AGGRESSIVE,1,2016,9,2706
ET REQUEST,SICK,2,2016,9,2707
FOSTER,RETURN,59,2016,9,2708
OWNER SUR,,3,2016,9,2709
OWNER SUR,EUTH REQ,52,2016,9,2710
OWNER SUR,FIELD,10,2016,9,2711
OWNER SUR,OTC,123,2016,9,2712
OWNER SUR,RETURN 30,15,2016,9,2713
RETURN,,1,2016,9,2714
RETURN,ADOPTION,17,2016,9,2715
RETURN,K HUMANE S,10,2016,9,2716
CONFISCATE,CRUELTY,1,2016,7,2717
CONFISCATE,DANGER DOG,2,2016,7,2718
CONFISCATE,EVICTION,15,2016,7,2719
CONFISCATE,HOSPITAL,5,2016,7,2720
CONFISCATE,NEGLECT,1,2016,7,2721
CONFISCATE,POLICE,6,2016,7,2722
DISPOSAL,OTHER,1,2016,7,2723
DISPOSAL,OWNER,16,2016,7,2724
DISPOSAL,STRAY,6,2016,7,2725
ET REQUEST,AGGRESSIVE,3,2016,7,2726
ET REQUEST,OLD,1,2016,7,2727
ET REQUEST,SICK,1,2016,7,2728
FOSTER,RETURN,52,2016,7,2729
OWNER SUR,EUTH REQ,48,2016,7,2730
OWNER SUR,FIELD,16,2016,7,2731
CONFISCATE,CRUELTY,2,2016,2,2732
CONFISCATE,EVICTION,1,2016,2,2733
CONFISCATE,POLICE,1,2016,2,2734
DISPOSAL,OWNER,7,2016,2,2735
DISPOSAL,STRAY,8,2016,2,2736
ET REQUEST,AGGRESSIVE,1,2016,2,2737
ET REQUEST,OLD,1,2016,2,2738
FOSTER,RETURN,54,2016,2,2739
OWNER SUR,EUTH REQ,37,2016,2,2740
OWNER SUR,FIELD,9,2016,2,2741
OWNER SUR,OTC,52,2016,2,2742
OWNER SUR,RETURN 30,14,2016,2,2743
RETURN,,3,2016,2,2744
RETURN,ADOPTION,17,2016,2,2745
RETURN,K HUMANE S,5,2016,2,2746
STRAY,FIELD,126,2016,2,2747
STRAY,OTC,174,2016,2,2748
CONFISCATE,,1,2016,3,2749
CONFISCATE,BITE,1,2016,3,2750
OWNER SUR,OTC,114,2015,7,2751
OWNER SUR,RETURN 30,8,2015,7,2752
RETURN,,1,2015,7,2753
RETURN,ADOPTION,7,2015,7,2754
RETURN,K HUMANE S,1,2015,7,2755
STRAY,,1,2015,7,2756
STRAY,FIELD,242,2015,7,2757
STRAY,OTC,342,2015,7,2758
CONFISCATE,BITE,2,2015,8,2759
CONFISCATE,CHAINING,1,2015,8,2760
CONFISCATE,CRUELTY,1,2015,8,2761
CONFISCATE,EVICTION,5,2015,8,2762
CONFISCATE,HOSPITAL,1,2015,8,2763
CONFISCATE,CRUELTY,1,2015,4,2764
CONFISCATE,NEGLECT,5,2015,4,2765
CONFISCATE,RESTRAINT,1,2015,4,2766
DISPOSAL,OWNER,4,2015,4,2767
DISPOSAL,STRAY,5,2015,4,2768
ET REQUEST,AGGRESSIVE,2,2015,4,2769
ET REQUEST,SICK,1,2015,4,2770
FOR TRANSP,K HUMANE S,3,2015,4,2771
FOSTER,RETURN,42,2015,4,2772
OWNER SUR,EUTH REQ,51,2015,4,2773
OWNER SUR,FIELD,5,2015,4,2774
OWNER SUR,OTC,81,2015,4,2775
OWNER SUR,RETURN 30,8,2015,4,2776
RETURN,ADOPTION,16,2015,4,2777
RETURN,K HUMANE S,2,2015,4,2778
STRAY,,2,2015,4,2779
STRAY,FIELD,232,2015,4,2780
STRAY,OTC,200,2015,4,2781
CONFISCATE,ABANDONED,7,2015,5,2782
CONFISCATE,CRUELTY,2,2015,5,2783
CONFISCATE,NEGLECT,9,2015,5,2784
CONFISCATE,POTDANGER,1,2015,5,2785
DISPOSAL,OWNER,9,2015,5,2786
DISPOSAL,STRAY,1,2015,5,2787
ET REQUEST,OLD,2,2015,5,2788
FOR TRANSP,K HUMANE S,3,2015,5,2789
FOSTER,RETURN,40,2015,5,2790
OWNER SUR,EUTH REQ,50,2015,5,2791
OWNER SUR,FIELD,8,2015,5,2792
OWNER SUR,OTC,119,2015,5,2793
OWNER SUR,RETURN 30,15,2015,5,2794
RETURN,ADOPTION,7,2015,5,2795
RETURN,K HUMANE S,1,2015,5,2796
STRAY,FIELD,221,2015,5,2797
STRAY,OTC,195,2015,5,2798
CONFISCATE,CRUELTY,2,2015,6,2799
CONFISCATE,HOSPITAL,1,2015,6,2800
STRAY,FIELD,212,2016,9,2801
STRAY,OTC,249,2016,9,2802
CONFISCATE,ABANDONED,3,2016,10,2803
CONFISCATE,BITE,2,2016,10,2804
CONFISCATE,EVICTION,5,2016,10,2805
CONFISCATE,NEGLECT,3,2016,10,2806
CONFISCATE,POLICE,6,2016,10,2807
CONFISCATE,POTDANGER,1,2016,10,2808
DISPOSAL,OTHER,2,2016,10,2809
DISPOSAL,OWNER,15,2016,10,2810
DISPOSAL,STRAY,3,2016,10,2811
ET REQUEST,AGGRESSIVE,1,2016,10,2812
ET REQUEST,OLD,1,2016,10,2813
ET REQUEST,SICK,1,2016,10,2814
FOR TRANSP,RESCUE GRP,2,2016,10,2815
FOSTER,RETURN,53,2016,10,2816
OWNER SUR,EUTH REQ,59,2016,10,2817
OWNER SUR,FIELD,11,2016,10,2818
OWNER SUR,OTC,99,2016,10,2819
OWNER SUR,RETURN 30,18,2016,10,2820
RETURN,,1,2016,10,2821
RETURN,ADOPTION,16,2016,10,2822
RETURN,K HUMANE S,1,2016,10,2823
STRAY,FIELD,149,2016,10,2824
STRAY,OTC,219,2016,10,2825
CONFISCATE,CRUELTY,2,2016,11,2826
CONFISCATE,EVICTION,2,2016,11,2827
CONFISCATE,NEGLECT,1,2016,11,2828
CONFISCATE,POLICE,3,2016,11,2829
DISPOSAL,FIELD,1,2016,11,2830
DISPOSAL,OWNER,8,2016,11,2831
DISPOSAL,STRAY,1,2016,11,2832
ET REQUEST,OLD,1,2016,11,2833
ET REQUEST,SICK,1,2016,11,2834
FOSTER,RETURN,74,2016,11,2835
OWNER SUR,EUTH REQ,36,2016,11,2836
OWNER SUR,FIELD,10,2016,11,2837
OWNER SUR,OTC,71,2016,11,2838
OWNER SUR,RETURN 30,14,2016,11,2839
RETURN,ADOPTION,14,2016,11,2840
STRAY,FIELD,154,2016,11,2841
STRAY,OTC,239,2016,11,2842
CONFISCATE,BITE,11,2016,12,2843
CONFISCATE,EVICTION,2,2016,12,2844
CONFISCATE,NEGLECT,1,2016,12,2845
CONFISCATE,POLICE,1,2016,12,2846
DISPOSAL,FIELD,1,2016,12,2847
DISPOSAL,OWNER,8,2016,12,2848
DISPOSAL,STRAY,3,2016,12,2849
FOSTER,RETURN,48,2016,12,2850
OWNER SUR,,1,2016,12,2851
OWNER SUR,EUTH REQ,24,2016,12,2852
OWNER SUR,FIELD,9,2016,12,2853
OWNER SUR,OTC,47,2016,12,2854
OWNER SUR,RETURN 30,9,2016,12,2855
RETURN,ADOPTION,11,2016,12,2856
STRAY,,3,2016,12,2857
STRAY,FIELD,84,2016,12,2858
STRAY,OTC,111,2016,12,2859
